WEEKDAY_APPR_PROCESS_START_SUNDAY_y,BUREAU_AMT_CREDIT_SUM_DEBT_MEAN,CODE_REJECT_REASON_HC,BUREAU_DAYS_CREDIT_ENDDATE_MIN,AMT_GOODS_PRICE,TOTALAREA_MODE,NAME_SELLER_INDUSTRY_XNA,PREVAPP_CNT_PAYMENT_MEAN,BUREAU_DAYS_CREDIT_MIN,PREVAPP_DAYS_FIRST_DUE_MEAN,SK_ID_CURR,NAME_YIELD_GROUP_middle,PREVAPP_AMT_APPLICATION_MEAN,BUREAU_DAYS_CREDIT_UPDATE_MEAN,OBS_60_CNT_SOCIAL_CIRCLE,NAME_CONTRACT_STATUS_Canceled_x,PREVAPP_AMT_ANNUITY_SUM,WEEKDAY_APPR_PROCESS_START_THURSDAY_y,POS_SK_DPD_DEF_SUM,PREVAPP_DAYS_FIRST_DRAWING_MEAN,CREDIT_TYPE_Credit card,NAME_CONTRACT_STATUS_Active_x,BUREAU_DAYS_CREDIT_MEAN,BUREAU_AMT_CREDIT_SUM_DEBT_MAX,BUREAU_DAYS_CREDIT_UPDATE_MAX,COMMONAREA_AVG,POS_SK_ID_PREV_MEAN,PREVAPP_AMT_APPLICATION_MAX,NAME_PORTFOLIO_Cards,NAME_CONTRACT_STATUS_Completed_x,PREVAPP_DAYS_LAST_DUE_1ST_VERSION_MEAN,BUREAU_DAYS_CREDIT_MAX,NAME_CLIENT_TYPE_New,AMT_ANNUITY,PREVAPP_DAYS_TERMINATION_MAX,POS_CNT_INSTALMENT_FUTURE_SUM,FLOORSMAX_AVG,PREVAPP_AMT_CREDIT_SUM,BUREAU_AMT_CREDIT_SUM_LIMIT_SUM,PREVAPP_DAYS_DECISION_MEAN,NAME_CONTRACT_TYPE_Cash loans,NAME_CLIENT_TYPE_Repeater,CODE_REJECT_REASON_XAP,POS_SK_ID_PREV_MAX,BUREAU_DAYS_ENDDATE_FACT_MEAN,APARTMENTS_AVG,NAME_PRODUCT_TYPE_x-sell,BUREAU_AMT_CREDIT_SUM_MEAN,AMT_INCOME_TOTAL,BUREAU_DAYS_ENDDATE_FACT_MIN,NAME_GOODS_CATEGORY_Consumer Electronics,CNT_CHILDREN,BASEMENTAREA_AVG,DAYS_ID_PUBLISH,PREVAPP_CNT_PAYMENT_MAX,NAME_PAYMENT_TYPE_XNA,NAME_PORTFOLIO_POS,BUREAU_AMT_CREDIT_MAX_OVERDUE_SUM,BUREAU_DAYS_CREDIT_ENDDATE_MAX,DAYS_REGISTRATION,DAYS_LAST_PHONE_CHANGE,PREVAPP_AMT_DOWN_PAYMENT_MAX,NAME_YIELD_GROUP_low_normal,BUREAU_SK_ID_BUREAU_MAX,LIVINGAPARTMENTS_AVG,NAME_GOODS_CATEGORY_XNA,LIVINGAREA_AVG,NAME_SELLER_INDUSTRY_Consumer electronics,BUREAU_AMT_CREDIT_SUM_MAX,NAME_PORTFOLIO_Cash,WEEKDAY_APPR_PROCESS_START_WEDNESDAY_y,NAME_GOODS_CATEGORY_Computers,CNT_FAM_MEMBERS,PREVAPP_AMT_APPLICATION_SUM,PRODUCT_COMBINATION_Cash,NONLIVINGAREA_AVG,AGE,POS_SK_DPD_MEAN,NAME_CONTRACT_STATUS_Signed_x,PREVAPP_AMT_DOWN_PAYMENT_MEAN,PRODUCT_COMBINATION_POS mobile with interest,CHANNEL_TYPE_AP+ (Cash loan),POS_MONTHS_BALANCE_SUM,POS_SK_DPD_MAX,NAME_TYPE_SUITE_Unaccompanied_y,NAME_PRODUCT_TYPE_XNA,BUREAU_AMT_CREDIT_SUM_DEBT_SUM,POS_CNT_INSTALMENT_MEAN,PREVAPP_AMT_ANNUITY_MEAN,WEEKDAY_APPR_PROCESS_START_SATURDAY_y,NAME_GOODS_CATEGORY_Audio/Video,CODE_REJECT_REASON_LIMIT,OBS_30_CNT_SOCIAL_CIRCLE,WEEKDAY_APPR_PROCESS_START_FRIDAY,AMT_CREDIT,BUREAU_AMT_CREDIT_SUM_LIMIT_MEAN,EXT_SOURCE_3,EXT_SOURCE_1,POS_CNT_INSTALMENT_MAX,CODE_REJECT_REASON_SCOFR,POS_SK_DPD_SUM,PREVAPP_DAYS_FIRST_DUE_MAX,POS_SK_DPD_DEF_MAX,HOUR_APPR_PROCESS_START,POS_CNT_INSTALMENT_SUM,PREVAPP_DAYS_DECISION_MAX,REGION_POPULATION_RELATIVE,PREVAPP_SELLERPLACE_AREA_MAX,BUREAU_SK_ID_BUREAU_MEAN,BUREAU_SK_ID_BUREAU_MIN,LANDAREA_AVG,PREVAPP_SELLERPLACE_AREA_MEAN,BUREAU_DAYS_CREDIT_ENDDATE_MEAN,PREVAPP_AMT_GOODS_PRICE_MAX,NAME_CONTRACT_TYPE_Revolving loans,DEF_30_CNT_SOCIAL_CIRCLE,PREVAPP_SK_ID_PREV_MAX,NAME_CONTRACT_STATUS_Refused_x,WEEKDAY_APPR_PROCESS_START_MONDAY_y,BUREAU_DAYS_ENDDATE_FACT_MAX,NAME_YIELD_GROUP_high,PREVAPP_AMT_GOODS_PRICE_MEAN,PREVAPP_AMT_ANNUITY_MAX,CHANNEL_TYPE_Credit and cash offices,CREDIT_TYPE_Consumer credit,PREVAPP_DAYS_LAST_DUE_1ST_VERSION_MAX,OWN_CAR_AGE,NAME_PAYMENT_TYPE_Cash through the bank,CHANNEL_TYPE_Stone,DAYS_BIRTH,PREVAPP_AMT_CREDIT_MAX,CREDIT_ACTIVE_Closed,POS_CNT_INSTALMENT_FUTURE_MAX,POS_SK_DPD_DEF_MEAN,COMMONAREA_MODE,NAME_CONTRACT_STATUS_Approved_x,AMT_REQ_CREDIT_BUREAU_YEAR,BUREAU_AMT_CREDIT_MAX_OVERDUE_MAX,PREVAPP_SK_ID_PREV_MEAN,PREVAPP_DAYS_LAST_DUE_MAX,WEEKDAY_APPR_PROCESS_START_TUESDAY_y,NAME_CONTRACT_TYPE_Consumer loans,EXT_SOURCE_2,PREVAPP_DAYS_TERMINATION_MEAN,PREVAPP_AMT_GOODS_PRICE_SUM,PREVAPP_RATE_DOWN_PAYMENT_MAX,BUREAU_DAYS_CREDIT_UPDATE_MIN,CHANNEL_TYPE_Regional / Local,CHANNEL_TYPE_Country-wide,NAME_PORTFOLIO_XNA,FLOORSMIN_AVG,BUREAU_AMT_CREDIT_SUM_LIMIT_MAX,NAME_GOODS_CATEGORY_Mobile,PREVAPP_AMT_CREDIT_MEAN,NAME_SELLER_INDUSTRY_Connectivity,ENTRANCES_AVG,PREVAPP_NFLAG_INSURED_ON_APPROVAL_MEAN,PREVAPP_DAYS_LAST_DUE_MEAN,YEARS_BUILD_AVG,DAYS_EMPLOYED,NAME_PRODUCT_TYPE_walk-in,PREVAPP_HOUR_APPR_PROCESS_START_MEAN,PREVAPP_RATE_DOWN_PAYMENT_MEAN,CREDIT_ACTIVE_Active,PREVAPP_HOUR_APPR_PROCESS_START_MAX,POS_MONTHS_BALANCE_MAX,NAME_YIELD_GROUP_XNA,NAME_TYPE_SUITE_Family_y,BUREAU_AMT_CREDIT_SUM_SUM,PREVAPP_AMT_DOWN_PAYMENT_SUM,POS_CNT_INSTALMENT_FUTURE_MEAN,BUREAU_AMT_CREDIT_MAX_OVERDUE_MEAN,COMMONAREA_MEDI,YEARS_BEGINEXPLUATATION_AVG,POS_MONTHS_BALANCE_MEAN
1,11916,0,-219,417454,0.6319,1,24,-2290,-1873,393739,1,264855,-2708,17,1,93623,0,65,-927,1,1,-2821,176176,-2392,0.7468,2680795,87835,0,0,-1775,-949,1,16542,-1966,8,0.4122,1525133,583103,-1032,0,1,0,1711093,-2034,0.6836,1,277189,177584,-1022,0,0.2369,0.3019,-5606,56,0,0,39307,-1366,-23589,-1580,31246,0,2589904,0.0301,0,0.2052,1,455578,1,1,1,1.913,852258,1,0.5252,47,3.4762,1,17940,0,1,-49,6,1,0,377832,8,14894,1,0,1,1,1,430604,191829,0.7384,0.2083,7,0,46,-1968,7,9,55,-2135,0.0413,474,1605895,1013885,0.312,290,-1570,68103,1,0,2304215,0,0,-2946,0,163576,12340,1,0,-1156,1,0,1,-9086,179541,0,46,4.8716,0.5639,1,2.6479,32004,2936711,-592,1,1,0.5683,-2939,987287,0.5279,-2593,1,0,0,0.6933,131533,0,164637,1,0.3061,0.4168,-2086,0.4734,-5878,1,14,0.8779,1,3,-100,0,0,1191214,134609,9,7045,0.6015,0.725,-53
0,290530,0,-2686,413873,0.2543,1,5,-2809,-1914,151882,0,113206,-2997,4,0,56365,0,63,-485,0,0,-1718,440184,-961,0.2092,2539032,404279,0,0,-1927,-2375,0,16149,-865,93,0.6565,1843089,350855,-1186,0,0,1,1206711,-2075,0.9482,0,155818,169029,-115,1,0.0052,0.6445,-5984,22,1,1,25509,-313,-17323,-2211,34878,1,1781868,0.2677,0,0.6585,0,421689,1,0,0,1.7282,1310378,0,0.9448,48,4.2308,0,46659,1,0,-3569,4,1,1,176599,8,12847,0,1,0,13,1,430222,147738,0.5825,0.1179,21,0,76,-1904,6,9,15,-2535,0.0218,335,1350566,1611448,0.8801,237,-2688,472477,0,5,1966459,0,0,-1634,0,181015,7227,0,0,-2662,1,0,0,-14433,381476,1,8,2.318,0.3838,0,3.1544,8817,1138133,-1755,1,1,0.81,-1335,1428831,0.8589,-66,0,1,1,0.4997,66397,0,197018,0,0.3943,0.5978,-413,0.1917,-3644,0,4,0.2106,1,3,-72,1,0,352441,137031,1,2915,0.785,0.5072,-10
1,183810,1,-2923,448287,0.0336,1,7,-598,-1949,273447,1,54906,-314,15,1,51962,0,4,-256,0,0,-201,471082,-1784,0.0952,2634417,112356,1,0,-2197,-278,1,15441,-703,88,0.0372,1556494,432366,-1595,0,1,1,1165001,-730,0.3289,0,232574,188238,-2458,1,2.6655,0.0871,-7234,24,1,0,85344,-69,-1280,-790,96937,1,2627389,0.2944,1,0.261,0,103520,0,1,1,4.0628,1079472,1,0.4312,33,3.039,1,5511,1,0,-2272,8,0,0,1201089,6,7861,0,0,0,15,0,471659,64641,0.665,0.0559,33,0,0,-279,2,10,4,-772,0.0257,482,1355732,1683984,0.3473,198,-608,382302,1,11,1086850,1,0,-2129,0,118574,14983,0,1,-594,17,0,0,-10312,261490,0,33,1.1047,0.4263,1,2.5537,48555,2891367,-852,0,1,0.6321,-991,1574682,0.9437,-1797,0,0,0,0.1478,117322,1,240129,0,0.4799,0.9306,-1502,0.2479,-16024,0,18,0.108,0,6,-61,0,1,1885994,102037,13,6954,0.3139,0.2179,-22
0,58470,1,-2389,393033,0.1982,1,9,-2148,-1268,184189,0,250762,-421,11,1,12221,0,72,-2807,0,0,-508,85432,-2178,0.969,1592899,237553,0,0,-837,-1010,1,16043,-1539,34,0.2475,1795973,630143,-290,0,1,1,1100482,-751,0.2301,1,249418,205932,-292,1,0.2333,0.1238,-3690,24,1,1,151979,-2729,-17294,-174,85258,1,1275806,0.2986,1,0.6171,1,219360,0,1,1,3.4261,868097,1,0.1064,45,2.5696,0,39488,0,0,-4294,9,0,1,395787,15,7506,0,1,1,11,1,423502,157088,0.4973,0.2425,7,0,66,-1576,6,12,67,-2376,0.0401,338,2688278,2962187,0.6377,423,-2355,415569,1,3,2851943,1,1,-2525,0,265029,12032,0,1,-1719,10,1,1,-13966,153377,0,30,0.4362,0.5786,0,4.1515,23982,2474186,-2241,0,0,0.5069,-489,903478,0.2408,-1916,1,0,0,0.4398,42830,0,255829,0,0.094,0.7155,-1166,0.9648,-2807,0,6,0.796,0,1,-63,0,1,194251,97190,6,1375,0.2352,0.0962,-53
0,99604,1,-1231,445940,0.9997,1,10,-1003,-2628,672660,0,129319,-2090,0,1,10171,1,45,-1284,1,0,-952,228021,-1277,0.2136,2492062,77953,1,0,-2008,-1089,0,15284,-456,50,0.0727,1628978,928205,-2777,0,0,0,1653422,-294,0.1321,0,9733,177546,-1159,1,0.4,0.4772,-3632,10,1,1,190469,-604,-17861,-2884,83666,0,2021476,0.427,1,0.201,0,491880,1,0,1,1.24,117051,0,0.2421,45,0.4406,1,25824,1,0,-1248,9,0,0,728152,3,1241,0,1,1,13,0,444296,19001,0.7441,0.0789,17,0,37,-2776,1,17,51,-474,0.046,3,2576960,2397284,0.8353,493,-909,118806,1,4,2558154,1,0,-1065,1,324926,7239,1,1,-2330,3,0,1,-14864,195922,1,41,0.5141,0.2121,1,1.1897,23426,2025781,-2885,0,1,0.6133,-1722,1078073,0.2518,-631,0,1,0,0.2845,101329,1,207793,1,0.7409,0.1766,-2830,0.6525,-4896,1,2,0.2779,1,21,-96,1,1,1223494,155344,7,5203,0.6438,0.3594,-27
1,9816,0,-1924,384447,0.766,0,11,-62,-2590,253067,1,255186,-581,7,0,10002,1,87,-1582,1,0,-1871,75118,-292,0.0192,1551226,10574,0,0,-250,-2118,1,15525,-2169,53,0.0283,1396870,596193,-1374,0,1,1,1157522,-283,0.3688,0,295067,151338,-2880,0,1.8635,0.978,-6260,44,0,1,20904,-224,-23173,-2635,43336,1,1862653,0.9028,1,0.7933,0,515063,0,0,0,4.2779,1490143,1,0.8341,57,1.8629,1,43208,0,0,-7,9,0,0,1243212,18,12470,1,0,1,2,0,432966,115620,0.7759,0.1899,48,1,72,-231,5,15,51,-2327,0.0467,70,1746950,2908853,0.8418,12,-277,575405,0,0,2953709,1,0,-484,0,291685,9937,0,1,-1989,6,0,0,-24615,70348,0,36,1.5495,0.338,0,0.8222,1337,2772141,-197,0,1,0.6064,-2726,750122,0.0854,-1585,0,0,1,0.8167,138427,0,123688,1,0.5288,0.4712,-2077,0.3705,-6535,0,7,0.0921,0,0,-12,1,0,1322456,190071,5,4277,0.2597,0.4167,-13
0,262107,1,-346,430293,0.5869,0,12,-299,-1752,385897,1,50922,-2698,8,1,55101,0,34,-2238,0,0,-1576,31031,-1077,0.7292,1562570,195633,1,1,-2164,-1513,0,15682,-232,84,0.8006,402783,615654,-2555,0,0,1,2918264,-735,0.9423,1,147824,172303,-1042,1,1.6215,0.6434,-5150,33,0,0,160487,-1361,-726,-1638,17246,0,1657583,0.6849,0,0.9366,1,235905,0,1,1,3.174,918205,0,0.2617,39,1.1762,0,34948,1,1,-2729,2,1,0,221879,14,18029,1,0,1,3,0,471049,85295,0.4859,0.1683,44,1,28,-2266,1,13,65,-277,0.0232,207,2534375,1373061,0.3793,246,-2446,48112,0,8,2380908,0,0,-556,0,256078,10721,0,0,-2760,13,1,0,-15298,138048,0,49,4.3055,0.0234,1,2.2098,9048,1038980,-1541,1,1,0.805,-523,1391353,0.1648,-2671,1,0,1,0.6176,251418,1,194320,1,0.6136,0.3318,-1922,0.1368,-9835,1,0,0.2543,0,0,-36,1,0,45322,108294,13,4137,0.5142,0.0203,-11
1,230906,0,-980,386400,0.3818,0,11,-2650,-771,264085,0,18657,-1534,6,0,95759,0,6,-1334,1,1,-1543,419112,-732,0.9187,2938706,402468,1,0,-2440,-1327,0,16727,-2041,90,0.85,1417226,485146,-1567,1,0,0,1327522,-2043,0.8388,1,216577,247621,-1961,1,1.3023,0.59,-3729,54,1,0,2682,-1219,-11580,-1610,90943,0,1425699,0.0954,0,0.4498,1,263316,1,1,0,3.921,753772,0,0.8313,32,1.6124,0,37875,1,1,-4850,1,1,1,640305,18,18607,1,1,1,2,1,474948,27659,0.5376,0.1973,35,0,5,-992,3,16,37,-812,0.0317,443,2674117,2146361,0.9625,231,-223,199428,0,9,1960254,0,1,-2546,1,40269,7040,0,0,-760,12,0,1,-20851,180049,0,18,3.3401,0.1656,0,1.3965,4468,2571620,-696,1,0,0.789,-73,695581,0.0912,-1666,0,1,1,0.1707,140475,1,230133,1,0.9074,0.8243,-582,0.6566,-19617,0,1,0.0424,1,22,-23,1,0,937235,40096,14,9788,0.7814,0.1348,-58
0,144473,1,-1660,408624,0.6025,0,11,-655,-929,129271,0,257745,-2843,11,1,23009,1,11,-2743,1,0,-279,435136,-688,0.647,2671245,28101,0,0,-2059,-2327,1,15890,-762,27,0.4988,739792,837760,-212,0,1,1,1188111,-2054,0.5174,1,215925,221731,-363,1,0.2727,0.4753,-1488,53,1,0,129606,-1879,-21046,-2971,18046,0,1013134,0.1103,0,0.8702,1,112345,0,0,1,4.8702,83401,1,0.3256,51,3.8628,0,5152,1,0,-2322,3,0,1,796627,14,12029,1,1,1,8,1,463224,85079,0.6121,0.242,19,0,48,-760,7,14,5,-250,0.0408,82,2574140,2087482,0.4673,432,-1320,1866,1,15,2223463,0,1,-2359,1,289014,12765,1,0,-326,18,0,1,-12315,402217,0,39,1.7441,0.5364,0,4.0514,45049,1911238,-404,0,0,0.5684,-2758,1499654,0.3159,-882,0,0,0,0.5661,51643,0,33178,0,0.0772,0.4561,-1149,0.6769,-27392,1,1,0.008,0,15,-45,0,0,169580,75852,18,6186,0.9829,0.6551,-4
1,20196,1,-2786,421921,0.3888,0,11,-2121,-2527,505994,0,255081,-1703,1,1,37121,0,42,-2851,1,1,-2572,226640,-1604,0.3258,1322490,235472,0,0,-15,-375,0,16620,-1225,89,0.5546,759924,851648,-478,1,0,1,1504738,-218,0.1306,0,165105,249228,-2296,1,0.5433,0.4796,-2375,15,1,1,154904,-1181,-19223,-324,88153,0,2847637,0.6271,1,0.7298,0,327872,0,1,1,4.1021,1723993,1,0.7989,35,3.5579,0,8633,1,0,-4706,4,1,1,1385274,1,11706,1,0,0,5,0,440209,156437,0.766,0.0783,32,0,28,-265,1,8,68,-1679,0.0466,130,2663554,2437873,0.9671,153,-2329,518018,1,4,2387869,1,0,-969,0,379283,10156,0,0,-2962,5,0,0,-24259,359991,0,8,1.0565,0.0482,0,3.1797,34438,2490686,-1278,1,1,0.6266,-913,1585503,0.7122,-660,0,1,0,0.1611,241960,0,18549,1,0.6401,0.4561,-604,0.2394,-21369,1,3,0.6145,1,0,-117,1,0,187310,113135,8,381,0.987,0.668,-44
1,218972,0,-1054,406550,0.0165,0,22,-814,-2524,631888,1,229772,-687,1,0,50710,1,44,-1838,1,0,-266,94984,-2715,0.7231,2501754,442933,1,1,-1740,-869,1,15425,-1335,35,0.2558,53889,908617,-196,1,1,0,2330029,-812,0.6304,1,63482,239071,-1723,1,0.2544,0.5352,-5839,49,1,1,172195,-1927,-3268,-1368,52152,0,2055023,0.6116,1,0.5803,0,392091,1,1,0,2.6803,383982,1,0.8774,59,2.3372,0,38615,0,1,-4629,0,0,0,965447,5,6778,1,0,1,9,1,459941,38037,0.6504,0.0806,14,0,77,-1359,0,14,15,-1521,0.0386,122,1835969,2548592,0.0792,393,-752,79138,0,13,1249501,0,1,-1067,0,19189,5002,0,1,-618,2,1,1,-19178,384302,0,14,4.6345,0.4961,0,3.092,40500,2493961,-2278,1,1,0.8467,-738,340548,0.1801,-404,0,0,1,0.6489,286283,1,294559,0,0.9604,0.5531,-1522,0.1209,-15919,1,14,0.2167,0,6,-19,0,0,1120012,173924,5,3502,0.8224,0.444,-7
1,33060,0,-443,446260,0.6764,0,14,-2644,-1071,364686,0,127669,-922,16,1,30023,1,84,-125,0,1,-2984,362736,-569,0.2183,2134810,271796,1,1,-2587,-459,1,15301,-1319,82,0.6098,1158782,536393,-908,0,1,1,1304691,-2449,0.8882,0,89076,196525,-48,0,0.4993,0.4943,-1557,46,0,1,108879,-812,-14286,-355,73195,0,2493980,0.1147,0,0.4068,1,519955,0,0,0,2.5465,375583,1,0.1302,34,1.5859,1,48524,1,0,-4804,0,1,0,1182283,1,15351,1,0,1,11,1,441071,179088,0.6715,0.2237,23,0,63,-679,4,13,21,-48,0.0385,38,1256016,2791813,0.1085,168,-2283,141662,1,14,1570543,0,0,-2896,0,337867,13348,0,1,-1739,16,0,1,-15851,297780,1,16,0.0245,0.4029,0,0.9773,31014,2996178,-2831,0,1,0.7676,-2248,417248,0.9925,-1762,1,0,0,0.5047,169369,0,119707,1,0.9294,0.4258,-2563,0.5142,-8197,0,6,0.6818,1,0,-84,0,1,1931663,116486,14,6814,0.8052,0.4553,0
1,284732,1,-1538,435181,0.3124,1,19,-382,-1079,140428,1,115035,-2950,7,0,66097,1,31,-1907,0,0,-960,268631,-922,0.6929,2476805,274254,1,1,-2495,-2648,1,15704,-1750,35,0.2018,303077,418988,-1974,1,1,1,2816471,-200,0.4802,1,268367,178631,-289,1,1.6324,0.095,-917,50,0,1,78831,-1311,-16540,-1464,68720,1,1079986,0.2621,1,0.4365,1,499897,0,0,1,1.2315,975343,0,0.2832,48,2.5858,0,13522,1,0,-3358,3,1,0,1935760,19,1140,1,1,1,1,0,465327,183389,0.7922,0.1363,16,1,51,-2064,4,11,50,-2461,0.0202,268,1608688,1451433,0.6993,180,-1343,216277,0,10,2339525,0,0,-2490,1,262836,14237,0,0,-452,16,0,1,-21240,422261,0,4,2.2103,0.5032,1,1.0954,30964,1330847,-260,0,0,0.7354,-2577,1657293,0.7719,-1385,0,1,0,0.8899,139139,1,13729,1,0.2727,0.0445,-2803,0.9983,-27163,1,20,0.6817,1,18,-98,0,1,606365,52638,11,6569,0.7976,0.2827,-14
0,144771,0,-2373,440219,0.0212,1,23,-2479,-1242,300011,0,84639,-1585,5,1,37385,1,13,-1348,1,1,-2113,404409,-151,0.7384,1126939,236510,1,1,-786,-2738,1,16660,-874,61,0.4099,184188,996549,-423,1,0,1,2863457,-2930,0.125,1,10886,218610,-1951,0,1.4349,0.7454,-5208,23,1,0,159616,-2803,-18663,-962,45330,1,1153152,0.8504,1,0.1362,0,173749,1,0,0,3.1944,969142,0,0.2593,25,2.3604,0,28878,0,0,-3230,1,1,0,1871468,18,13137,1,0,1,5,1,426585,36386,0.5738,0.1893,19,0,81,-111,9,15,45,-1563,0.0322,63,2749442,1490128,0.9101,156,-2035,278660,1,15,2648653,1,0,-335,0,318935,10368,1,1,-2151,11,0,1,-9162,327161,1,31,1.7879,0.2105,1,0.9009,39493,1877572,-2214,1,0,0.6568,-1259,218687,0.5326,-240,0,1,0,0.6008,151032,1,76457,0,0.4988,0.2436,-1380,0.5172,-14745,0,12,0.6648,1,16,-112,1,1,131557,53531,4,5134,0.2225,0.6307,-22
1,206728,1,-237,409950,0.5561,1,20,-2913,-780,521530,1,594,-987,12,1,63406,0,90,-2684,0,1,-559,361330,-1299,0.2575,2993021,433504,0,0,-822,-1160,0,16564,-905,56,0.8537,181710,690875,-299,0,0,0,1105900,-509,0.9759,1,143244,155851,-2186,0,1.4363,0.132,-2636,20,0,0,56451,-1227,-13180,-2397,29325,0,1839248,0.6335,0,0.1592,1,259314,0,0,1,4.2666,1097063,1,0.3435,33,2.4691,1,20735,0,1,-977,8,1,0,1030195,11,1355,1,0,0,3,1,448027,137689,0.7336,0.1732,5,1,45,-2359,1,12,66,-693,0.0439,323,2225768,1917919,0.167,103,-1164,29381,1,17,1302928,1,1,-2718,0,94248,15978,0,1,-456,7,0,1,-15510,193976,1,20,0.2101,0.6849,1,4.3532,23523,1227877,-2207,1,0,0.6178,-128,74430,0.1665,-1030,1,1,0,0.1691,46940,0,221146,1,0.9085,0.4529,-2470,0.5448,-20364,0,4,0.5319,1,0,-67,0,1,1665025,169042,15,8875,0.4214,0.8736,-55
0,126107,0,-1816,423777,0.9339,0,25,-1233,-1538,403919,1,105058,-766,0,1,4935,0,80,-2903,1,0,-1026,136715,-2171,0.5261,2517735,64848,1,1,-115,-2887,1,15129,-2210,50,0.961,1350394,817367,-2971,1,1,1,2357187,-863,0.208,0,149061,232790,-59,1,1.6096,0.373,-5510,7,1,0,117990,-1887,-2961,-2795,35650,0,1562995,0.6131,1,0.1746,0,419263,1,1,1,3.0893,42871,0,0.5262,54,0.237,1,16521,0,1,-857,1,1,1,342194,17,19539,0,1,0,18,0,431751,7847,0.6597,0.0737,45,0,93,-855,4,12,18,-2912,0.0445,148,1236215,1317289,0.9965,231,-501,73615,0,5,2302772,1,0,-1727,1,303733,13936,0,0,-68,4,1,1,-15334,239360,1,26,4.921,0.4337,1,0.0261,945,2320857,-2358,1,1,0.5532,-1512,974150,0.2768,-158,1,1,1,0.778,293101,0,227892,1,0.1882,0.9952,-1809,0.9433,-1603,1,16,0.195,1,18,-109,0,1,537342,93091,1,1119,0.5031,0.5701,-31
0,190542,1,-339,390989,0.1951,0,14,-1971,-430,576981,1,27930,-899,7,1,41415,0,21,-1328,1,1,-1736,388315,-2782,0.398,1441473,448802,1,1,-1516,-323,1,15161,-385,13,0.5873,771678,355999,-218,1,1,1,1773831,-1578,0.6817,1,279821,210313,-2007,1,0.6639,0.1502,-2151,22,1,1,174910,-477,-23005,-2388,36275,1,1736815,0.2091,0,0.8872,1,99632,0,1,1,2.3581,1932578,1,0.9731,54,4.7903,0,45746,0,0,-4437,6,1,1,1109725,15,1731,1,0,0,2,1,476692,9349,0.7641,0.1828,43,1,40,-2561,7,16,81,-1665,0.0287,84,1522361,1870623,0.2127,97,-897,278644,1,4,1323172,0,0,-1037,1,228200,2769,1,1,-2673,18,1,0,-20335,52369,0,48,2.4693,0.332,1,4.3688,36843,2610815,-1938,1,1,0.783,-2730,1955824,0.3915,-2163,0,1,0,0.165,140600,0,40762,1,0.669,0.1268,-1735,0.9814,-14478,1,6,0.093,1,19,-21,0,0,519979,121268,9,7504,0.3948,0.3726,-27
0,235694,0,-652,427123,0.5889,0,1,-1365,-434,382560,0,56886,-2949,7,1,43375,1,22,-421,0,0,-1074,204989,-1874,0.487,2395580,419373,1,0,-2675,-2423,1,16182,-226,82,0.4038,769343,187618,-1483,1,0,1,1332010,-2626,0.064,0,178857,201648,-1707,1,1.2224,0.0181,-102,33,1,1,117198,-1674,-11856,-2686,30921,1,2085205,0.3637,0,0.818,1,43834,0,0,1,3.6683,1246022,1,0.8045,44,1.8514,1,42066,0,0,-2629,0,1,1,1345528,4,6065,1,1,0,17,1,466552,48154,0.4171,0.1567,0,1,51,-1305,1,17,4,-1188,0.0351,52,2952420,1437426,0.5478,31,-32,465108,0,16,1531862,1,0,-2119,1,253943,10456,1,1,-1824,12,0,1,-18752,336085,0,49,4.6787,0.8228,0,3.6711,16767,2999570,-2918,1,0,0.7454,-119,465916,0.673,-2270,1,0,1,0.1327,267307,0,179731,0,0.6924,0.3322,-69,0.7973,-5484,0,16,0.6117,1,12,-53,1,1,899933,135610,13,6667,0.9046,0.2505,-22
1,279574,1,-98,423264,0.0229,0,9,-2834,-2134,556264,0,200791,-589,7,0,99886,1,40,-994,0,0,-1198,463432,-2661,0.0276,1298475,185886,1,0,-589,-2940,1,16891,-2801,56,0.8211,314755,516660,-73,0,0,0,1776968,-1081,0.4222,1,298902,163059,-2331,0,0.321,0.2542,-2567,17,0,0,55149,-2063,-1776,-1724,75675,0,1514138,0.5099,0,0.7179,0,332776,0,1,1,4.9459,1492911,1,0.5467,47,2.0932,0,24444,1,1,-2140,0,1,0,235901,0,19064,0,1,0,14,1,455026,65008,0.6568,0.1468,16,0,77,-54,4,17,1,-1974,0.0399,194,2441462,2277136,0.2739,15,-732,153918,1,6,1060559,1,0,-2039,1,357705,2550,0,1,-2475,16,1,0,-18944,287074,1,41,4.8553,0.5325,0,2.0864,47001,1161699,-1449,1,1,0.8232,-1401,1151602,0.4268,-2572,1,1,0,0.774,281549,0,31751,1,0.6597,0.4929,-1020,0.1582,-22186,0,5,0.4091,0,11,-82,0,1,1078798,19907,6,4215,0.0402,0.2158,-33
1,122557,0,-563,417118,0.8212,0,11,-589,-2461,152791,1,135209,-1327,4,1,67450,0,10,-2613,1,1,-1841,326824,-1981,0.7213,2925482,266393,1,1,-2111,-2364,0,16740,-2258,20,0.4551,133683,776966,-1387,0,1,1,2504058,-2449,0.6866,1,150317,186433,-529,0,2.933,0.2112,-5347,52,0,0,156990,-1319,-23655,-711,15517,1,1251705,0.7299,1,0.041,0,299835,1,1,0,1.5367,675529,0,0.6264,36,3.0496,1,35552,0,0,-1023,2,0,1,376220,14,13423,0,1,0,7,1,420295,145267,0.7086,0.061,5,0,8,-894,7,8,33,-159,0.0338,77,1774357,1319620,0.143,485,-1282,546600,1,14,1063433,0,0,-383,1,354985,13316,0,0,-932,6,1,1,-9853,565565,1,37,2.404,0.8214,0,0.1588,28556,2607181,-2289,0,1,0.8482,-2485,742832,0.6221,-10,1,0,0,0.4188,102835,0,218597,0,0.0831,0.6645,-2811,0.5359,-23669,0,7,0.4153,0,11,-13,1,0,700496,49692,12,3979,0.8942,0.0016,-37
1,266934,1,-119,383504,0.9432,0,2,-165,-2758,123868,0,182021,-2740,3,1,76473,0,62,-2161,1,1,-2158,233547,-498,0.6905,1916908,281560,0,0,-1638,-2426,1,15704,-2280,63,0.0577,1614608,997298,-1364,1,0,1,1072175,-2522,0.4997,1,280808,229200,-2793,0,0.4904,0.6998,-541,34,1,0,106201,-1374,-22160,-678,2932,0,1752677,0.8986,1,0.54,0,154065,1,1,0,3.6902,1034760,1,0.9677,39,4.1668,0,18955,0,0,-3764,7,0,0,1648304,14,3249,0,1,1,2,1,479989,176892,0.6846,0.2149,38,1,26,-1418,4,17,89,-644,0.0235,146,1203257,1048670,0.9496,310,-1959,377722,0,4,1691376,1,0,-1262,1,393522,8490,1,1,-2109,3,0,1,-24654,318424,1,40,4.4166,0.7417,0,2.6766,49569,1900010,-1512,0,0,0.7741,-606,1997089,0.4069,-1201,0,0,0,0.2169,256092,1,265342,1,0.2319,0.2083,-213,0.0727,-21512,0,18,0.6386,1,7,-1,1,0,528606,62972,15,3514,0.2957,0.688,-3
0,119825,1,-1892,432321,0.3572,1,22,-639,-1669,203181,0,8608,-1850,3,0,27204,0,74,-386,0,1,-706,454040,-2769,0.7619,1886681,163960,0,0,-1984,-2674,1,15249,-526,60,0.3659,1798577,767917,-2890,0,0,1,1606128,-640,0.3616,1,215710,184816,-557,1,0.9772,0.257,-519,7,0,0,184080,-1778,-3375,-1224,85147,1,1293889,0.6194,1,0.615,1,420884,1,0,0,3.9766,1214674,1,0.152,39,3.5305,0,15026,1,0,-1739,0,0,0,1529261,8,8780,0,0,1,2,1,459660,62425,0.7928,0.2169,4,0,92,-764,0,10,97,-2364,0.0323,356,2767050,2634978,0.3263,47,-339,225235,1,14,1494983,0,0,-2141,1,65469,18413,0,0,-1675,8,1,0,-19146,329823,0,37,1.1883,0.4552,1,4.0074,2172,2323209,-509,0,1,0.6146,-643,1906692,0.7562,-208,1,1,0,0.4568,191042,1,195728,1,0.5851,0.3656,-2584,0.4489,-14882,0,7,0.6776,1,10,-45,0,1,744960,121915,13,5884,0.0755,0.6527,-12
1,136689,0,-2686,409032,0.1698,0,26,-1120,-1379,333742,1,158495,-1170,0,1,24384,1,94,-2695,1,0,-929,245256,-598,0.6593,1041084,369993,1,1,-411,-1392,0,15040,-679,85,0.1531,771012,877122,-558,1,1,0,1551565,-2767,0.5968,0,78800,170038,-1910,1,0.0901,0.1888,-7210,41,0,1,10303,-2946,-8820,-1582,91068,1,2406428,0.5936,1,0.0882,1,249869,0,1,0,2.2602,1533921,0,0.3824,37,1.2357,0,31973,0,0,-3778,7,1,1,33734,10,12666,1,1,1,15,0,435998,117532,0.5409,0.1084,45,0,72,-1920,1,13,22,-226,0.0338,135,1750119,1554098,0.6081,69,-2381,232182,0,10,1546791,0,1,-140,0,30683,9272,1,0,-667,10,0,1,-14715,492750,0,27,2.4002,0.7607,0,4.7426,44507,2840781,-1473,1,1,0.7666,-2224,1009946,0.7008,-295,0,1,1,0.4875,68654,1,67539,1,0.6583,0.053,-2755,0.9608,-23441,1,6,0.7051,1,2,-99,0,1,1780359,80403,13,2704,0.7515,0.0587,-13
0,283762,0,-1146,444940,0.6262,1,14,-1999,-899,677048,0,221356,-1750,15,0,69035,1,60,-145,1,0,-2879,142502,-2599,0.4365,2063354,22100,0,1,-2793,-1006,1,15124,-2067,3,0.2273,451379,732972,-2827,0,1,0,1495250,-1147,0.3477,1,12269,224233,-1908,1,2.0365,0.566,-6167,4,0,0,153486,-865,-7173,-1814,75535,0,1814609,0.5866,0,0.735,0,37982,0,0,1,1.0509,1512765,1,0.4979,33,3.4139,0,19831,0,0,-3258,5,0,1,341738,6,8008,1,1,0,9,1,438768,81367,0.7574,0.245,21,1,20,-2904,2,10,79,-153,0.021,51,2861767,1131501,0.8835,105,-884,551925,0,11,1161518,1,0,-1937,0,266059,8993,1,0,-968,12,1,0,-13624,451876,1,21,3.8121,0.3553,1,1.1082,4196,2813928,-2598,1,0,0.8283,-1106,356786,0.3026,-256,1,0,1,0.5842,97834,0,240996,1,0.284,0.2779,-1361,0.5164,-20466,0,12,0.6467,0,12,-105,1,0,1510326,9726,12,8504,0.1411,0.4429,-38
0,122540,1,-1473,446554,0.0398,1,12,-2001,-567,507426,0,238959,-1314,7,1,89815,0,4,-2672,1,1,-929,98519,-772,0.6237,1498682,282718,1,1,-1044,-1505,1,15189,-1580,46,0.6305,1788770,15075,-2477,0,1,1,1119398,-1723,0.2053,0,239872,155884,-1188,1,2.4771,0.1239,-3301,57,1,1,35778,-43,-10811,-1083,15959,1,2173592,0.5136,0,0.9867,1,8967,0,0,1,4.5205,1474553,0,0.0288,44,3.5517,0,39914,0,1,-4463,8,0,0,110767,16,11888,0,0,1,0,0,477162,139731,0.4329,0.0705,45,0,67,-1826,2,10,68,-2011,0.023,55,1950122,1342908,0.7027,39,-2635,572778,0,10,2886486,0,1,-2009,1,223583,13334,0,1,-1404,12,1,1,-17544,140658,1,21,2.9848,0.3202,1,3.6906,36251,2134331,-2292,1,0,0.5782,-2478,910629,0.2573,-2071,1,1,1,0.1071,102916,1,115850,0,0.1958,0.3956,-2762,0.9171,-24534,0,11,0.9702,1,3,-15,0,0,246946,149223,13,9707,0.014,0.1654,-33
0,174731,0,-1616,403611,0.7013,1,0,-753,-613,420887,0,136368,-774,8,0,98143,0,15,-1715,1,0,-1950,498508,-1256,0.5088,2156990,79170,0,1,-1545,-1340,0,16491,-1564,51,0.3267,433023,96401,-188,1,0,1,2483757,-86,0.8904,1,43422,181715,-2454,0,1.4821,0.5422,-4813,55,1,0,87214,-1372,-2380,-1886,90836,0,1458991,0.7829,0,0.0701,1,249082,1,0,1,1.6286,1744485,1,0.6083,48,2.0228,1,47311,1,0,-3065,9,1,0,1794924,10,11282,1,1,1,6,1,462995,88946,0.7271,0.1801,41,0,90,-414,9,11,74,-2134,0.0337,461,2545670,1298199,0.785,55,-450,48395,1,17,1120578,1,0,-224,1,222491,5455,0,0,-2313,8,1,0,-12240,221387,0,2,3.4116,0.3813,1,2.8492,10643,1096776,-2785,1,0,0.6816,-2976,249241,0.549,-2413,1,0,0,0.3083,90121,0,25963,0,0.3929,0.5269,-2739,0.1451,-22104,0,3,0.989,1,12,-37,1,1,1674111,80576,0,6372,0.7349,0.8909,-26
1,86368,0,-1402,400130,0.5588,0,10,-1177,-600,288357,1,269382,-1154,12,0,39096,1,9,-1799,0,1,-2344,424387,-2189,0.1504,2420594,400188,1,1,-1479,-1648,0,15891,-556,85,0.4692,1628788,203642,-1430,0,1,0,2035411,-1498,0.1741,0,56350,209175,-1293,0,2.8473,0.3193,-5807,44,1,0,118459,-2850,-15514,-1044,38468,0,1886850,0.0471,1,0.3151,0,497635,1,1,1,3.4654,1555618,1,0.2784,33,1.6874,0,19657,0,0,-955,1,1,0,493484,4,16956,0,1,1,2,0,473822,31083,0.5044,0.1623,39,0,71,-1258,4,14,5,-56,0.0299,72,1451862,2202340,0.8061,89,-1877,187909,1,7,1691119,1,1,-2293,1,66238,18891,0,0,-1391,2,1,1,-23668,147713,0,33,2.395,0.8531,0,0.6602,28172,2416618,-980,0,0,0.5798,-2404,1736824,0.3278,-1343,0,1,1,0.6902,99953,0,55070,0,0.0014,0.3684,-188,0.8146,-16714,1,2,0.2414,0,20,-64,0,1,222332,97460,18,5764,0.2688,0.7756,-23
1,158258,0,-2391,403166,0.5858,0,10,-1454,-2880,501998,0,266788,-2578,13,0,77411,1,55,-936,0,0,-1104,389885,-2844,0.5248,2279073,216980,0,1,-448,-704,1,16015,-2847,56,0.6364,354244,931541,-814,0,1,0,1015549,-2592,0.0461,0,3615,194523,-291,0,0.6666,0.5162,-6230,49,1,0,20995,-513,-8431,-205,43816,1,1601011,0.5463,0,0.0042,0,473602,1,1,1,4.2224,640273,0,0.8066,29,4.3477,1,17574,0,1,-3850,8,1,0,1011594,4,9228,1,1,0,11,1,436210,110414,0.7869,0.1169,43,0,92,-2548,1,11,25,-693,0.0385,499,2842002,1981770,0.2672,184,-157,325775,0,2,2091555,0,1,-2275,1,120402,16599,0,1,-1318,7,0,1,-16880,572279,0,5,0.7094,0.6232,0,2.5779,23729,2696379,-2269,0,1,0.664,-1029,495147,0.6597,-1413,0,0,0,0.9375,79756,1,247895,0,0.5145,0.3101,-1638,0.6597,-25602,1,1,0.5518,1,6,-113,0,0,938689,61282,10,9318,0.9756,0.6591,-26
0,11898,1,-1980,447547,0.6333,0,22,-621,-425,239766,0,125542,-295,12,0,40781,1,93,-2467,1,1,-2124,170205,-112,0.2666,2030521,51883,0,0,-165,-259,1,16116,-757,61,0.1986,1880879,238055,-2639,1,1,0,1083444,-2685,0.6539,1,84502,210129,-2570,0,0.9174,0.861,-7979,4,1,0,57633,-1327,-21620,-1191,51129,0,1505494,0.8618,0,0.1138,0,457568,0,0,0,3.3543,506034,0,0.0209,55,2.9158,0,36493,1,1,-4963,2,1,0,874633,12,3751,1,1,0,17,1,460105,11532,0.6168,0.2094,32,1,78,-144,2,9,36,-1192,0.036,392,2860395,1453517,0.5289,235,-162,493900,0,9,2528950,1,0,-1837,0,357664,10134,1,1,-785,14,1,0,-22872,357413,1,44,1.7119,0.2607,1,0.4761,281,2663303,-1143,1,1,0.5473,-2716,818651,0.8227,-1678,1,0,1,0.6175,105185,0,117359,1,0.6671,0.0558,-1237,0.6866,-18212,1,3,0.214,0,1,-91,0,0,1001745,478,18,8218,0.4183,0.747,-7
0,182142,1,-1070,391097,0.0778,0,18,-2242,-1371,160500,0,95011,-172,16,0,79762,1,49,-1034,1,0,-2094,486915,-2207,0.2775,2210948,52122,0,0,-1286,-118,0,15351,-264,73,0.4161,753054,963324,-2279,0,0,0,1323926,-1126,0.1701,0,103828,247306,-2876,1,1.144,0.9443,-251,40,1,1,148612,-308,-2928,-1090,45820,1,2921658,0.0163,1,0.5192,0,18425,1,1,1,2.1337,1310023,0,0.351,26,1.6217,1,42888,0,1,-2288,4,1,1,644946,3,6055,1,1,0,1,0,467917,67233,0.5541,0.1123,0,0,19,-46,7,9,26,-2904,0.0224,67,2042594,2325888,0.5201,70,-532,450104,0,5,1583555,0,1,-2656,1,9107,14319,1,1,-987,7,0,0,-9446,556958,1,44,2.4034,0.5206,0,2.2296,39872,2839626,-781,1,1,0.8285,-1007,275279,0.4196,-1349,1,0,0,0.2634,104455,0,126463,0,0.333,0.8226,-1238,0.7581,-29406,1,9,0.4915,1,10,-24,0,0,1887922,9032,5,6098,0.1744,0.894,-47
1,92196,0,-1634,447057,0.4967,1,5,-2141,-2292,604928,0,79908,-2841,10,1,89242,1,20,-8,1,1,-2101,207324,-530,0.4216,2298882,436640,1,0,-2262,-2658,1,15159,-2952,82,0.2178,421892,999349,-575,0,0,0,1526293,-1195,0.2855,1,274176,223024,-1762,1,0.6475,0.6507,-290,48,0,0,56754,-1811,-13602,-2460,45037,0,2582152,0.7911,0,0.0055,0,296477,0,1,1,4.8907,1635773,0,0.3819,41,0.9457,1,18404,1,1,-4079,2,0,1,1653504,2,12098,0,0,0,4,1,445414,141160,0.6046,0.1443,26,0,74,-2479,6,10,88,-2957,0.0273,386,1811353,2186802,0.1192,182,-870,260157,0,15,1907575,0,1,-611,1,4566,13013,1,1,-2401,12,0,0,-16739,353924,1,16,3.7914,0.7608,0,0.7207,37692,2423744,-307,1,0,0.7565,-471,1355475,0.9843,-2700,0,1,0,0.1427,259978,1,134347,1,0.2334,0.1321,-500,0.8441,-25982,1,10,0.7293,0,8,-31,0,1,57989,880,8,6365,0.8361,0.8701,-24
1,75414,0,-828,432211,0.2564,0,11,-1757,-747,629664,0,273724,-1818,11,0,95902,1,47,-1376,1,1,-2846,105207,-2157,0.3765,2055427,459645,1,0,-182,-2122,1,16874,-494,72,0.0896,726690,247377,-168,1,0,0,1969190,-597,0.283,1,267290,176388,-2618,0,2.3536,0.0039,-3303,20,0,1,161565,-968,-11614,-454,38062,0,1163752,0.1133,0,0.2711,1,370557,0,1,1,4.208,349360,1,0.0013,44,0.2536,0,45694,0,0,-4677,8,1,0,1981144,7,4980,0,0,0,3,0,467648,81642,0.5587,0.1672,42,0,87,-2860,7,9,65,-1846,0.0386,246,1766922,1538374,0.4992,446,-666,127060,0,12,2783975,0,0,-1641,1,358672,11272,0,0,-491,4,0,0,-12691,22998,1,48,3.9505,0.9539,1,0.705,15326,2690428,-2111,1,1,0.5253,-847,47704,0.6049,-1504,1,1,1,0.8768,298867,1,147519,0,0.8342,0.5052,-143,0.9682,-17861,0,14,0.382,1,5,-22,0,1,507196,46985,8,2919,0.3581,0.6423,-27
0,291436,1,-1687,438417,0.2135,1,20,-76,-2331,331129,1,132243,-840,2,0,63890,1,96,-77,0,1,-1093,242966,-2842,0.679,2121306,337226,0,1,-1074,-1676,1,16370,-1083,38,0.9903,1098186,637688,-1484,0,1,1,1390029,-989,0.9488,0,271955,243471,-1227,1,1.0127,0.9097,-3330,49,1,0,178787,-2191,-4055,-2415,97338,1,1107793,0.8958,1,0.0119,1,211642,1,1,0,4.337,550941,1,0.5865,33,3.6748,0,9097,1,1,-2904,2,0,0,1801703,3,17144,1,0,0,15,0,465485,22639,0.6209,0.1617,25,1,90,-1973,4,16,9,-782,0.0243,324,1507669,2582861,0.4079,173,-599,393195,1,8,2154543,0,0,-1070,0,63190,17837,1,0,-2035,6,1,1,-10258,496667,0,41,4.0576,0.927,1,2.1977,9226,2154376,-124,0,1,0.5712,-2139,537778,0.8191,-1588,0,1,0,0.1928,45311,1,280206,1,0.3337,0.5478,-531,0.5038,-17074,0,2,0.7007,1,15,-91,0,0,1557465,41461,19,1217,0.3207,0.0171,-17
1,251367,1,-943,415229,0.3318,0,1,-1883,-1987,331102,0,125028,-2462,5,0,35794,0,98,-2837,0,1,-2822,403052,-1092,0.5684,1457050,391587,1,1,-739,-1538,0,16149,-182,13,0.3702,1481586,595556,-2495,1,0,0,1608096,-855,0.0268,0,168575,230413,-2171,0,1.0903,0.8353,-7894,42,1,1,150045,-1871,-808,-2366,86980,1,2288089,0.6945,0,0.1346,0,354457,1,1,1,1.251,1775706,0,0.4513,49,3.6953,0,20813,0,0,-3372,2,0,0,503955,6,10866,1,0,1,1,0,421256,155412,0.566,0.1015,38,1,51,-1506,1,10,9,-2059,0.0279,195,1869774,2995096,0.1033,3,-1369,539152,0,4,2282861,1,0,-1585,0,29056,9282,0,1,-944,3,0,0,-15661,471556,0,15,1.8363,0.761,0,2.0649,10160,2154626,-19,1,1,0.5958,-2571,1984752,0.8384,-786,0,0,0,0.8258,78863,0,214874,0,0.6379,0.9562,-2628,0.5493,-13656,0,2,0.8582,0,19,-5,0,1,745207,49234,4,98,0.059,0.4457,-19
0,265890,1,-714,422392,0.8888,1,17,-596,-1214,427159,1,259389,-1850,11,1,24513,1,32,-2661,1,0,-1803,86314,-2184,0.3139,2779139,417398,1,1,-784,-1972,1,16077,-2082,90,0.8411,1714711,829638,-635,1,0,0,2957543,-144,0.715,1,106215,177433,-2827,1,1.72,0.8296,-4557,35,1,1,117406,-851,-18507,-452,63215,1,1413241,0.5005,0,0.9481,1,245914,0,0,1,1.8949,1987983,1,0.5603,51,3.3122,1,46757,0,0,-1963,0,0,0,1847863,14,16525,1,1,0,0,1,440472,110695,0.6044,0.1584,44,0,45,-2765,6,9,60,-2430,0.0377,251,1661819,2736420,0.9032,379,-304,232679,1,3,1829634,0,0,-2814,0,49016,2847,1,1,-224,6,1,0,-10749,406833,0,36,3.9704,0.0475,1,2.7886,29455,2183842,-1632,0,1,0.6767,-1794,1908166,0.034,-1843,0,0,1,0.377,173671,0,280381,1,0.5658,0.0282,-2791,0.0216,-23696,1,22,0.9541,0,0,-116,1,0,1810048,188010,4,5010,0.1249,0.1514,-11
0,52691,1,-2596,445601,0.1816,0,0,-2234,-2779,196060,0,261549,-1162,0,0,42301,0,87,-1904,1,0,-1162,263373,-2966,0.8499,2305370,172461,0,0,-845,-396,0,15649,-829,99,0.0901,1903279,819367,-394,0,1,1,1071133,-210,0.7341,0,288300,176602,-2734,0,1.7508,0.393,-2520,6,1,1,118640,-2576,-3941,-2579,14404,0,1893208,0.1619,1,0.1044,1,279102,1,1,1,1.9666,1433601,0,0.5776,25,0.8368,1,37316,0,0,-241,1,1,1,1973106,5,1426,0,0,1,3,0,451184,83242,0.6544,0.2276,35,0,20,-2108,6,17,85,-391,0.0421,161,1212134,1768249,0.9218,387,-2927,330882,1,18,1249135,0,0,-2462,1,13952,13272,1,0,-2531,13,0,0,-17152,177492,0,41,1.2373,0.6652,0,1.4408,17232,1713021,-2840,0,1,0.6299,-1187,425112,0.3045,-257,1,1,0,0.3529,298671,0,189540,1,0.9887,0.8626,-1519,0.7181,-21083,0,2,0.2374,0,10,-106,1,0,599354,197648,12,5796,0.8355,0.6243,-26
1,53159,1,-963,436416,0.5936,1,21,-1400,-1597,117612,0,176397,-816,0,1,10180,1,68,-1196,0,0,-2979,225456,-2664,0.8351,1724293,370582,0,0,-1937,-2697,0,15700,-664,84,0.3867,1070503,85732,-1752,0,0,1,2672457,-2709,0.4534,0,23308,151518,-2592,1,2.8367,0.5046,-5526,45,1,0,39787,-1162,-19857,-712,38099,0,1944496,0.3412,0,0.7442,1,281447,1,0,0,2.8212,1041576,0,0.6028,26,2.4735,0,35194,1,1,-4572,9,0,0,609601,14,17970,0,0,0,11,1,427174,73034,0.6131,0.2327,29,0,59,-1481,4,16,73,-1234,0.0486,493,1973251,2442297,0.642,369,-2944,17266,0,9,1167500,1,1,-2430,1,391822,692,0,1,-1583,0,1,1,-11072,442601,0,40,0.7414,0.0328,1,0.3841,40341,1556499,-2033,1,1,0.6749,-439,1359328,0.806,-2849,0,0,0,0.7684,72724,1,297187,0,0.6249,0.5169,-2355,0.7645,-12805,1,3,0.0232,0,4,-55,1,0,109264,58275,9,7411,0.4844,0.4937,-35
1,120971,1,-1770,399007,0.7653,0,19,-2053,-132,583056,0,134290,-1093,1,0,43529,1,80,-38,1,0,-297,334551,-2501,0.423,2360344,399810,1,0,-2635,-1602,0,16657,-835,6,0.9252,262585,824748,-1291,1,0,0,1837679,-1755,0.8947,1,150786,178802,-509,0,2.3326,0.4272,-4476,41,0,0,173248,-1965,-12343,-1883,52587,0,2994234,0.3264,0,0.6894,1,293069,0,0,0,1.4747,1816577,1,0.9098,28,3.9205,0,4339,1,1,-542,1,1,1,1610843,17,3047,0,1,0,14,0,475855,61701,0.4136,0.0565,35,1,23,-285,2,12,97,-832,0.0456,294,1501397,1302939,0.3655,139,-2765,38443,0,11,1743974,1,1,-656,0,164761,7600,0,1,-2802,13,1,0,-16186,320234,0,31,3.8851,0.3791,1,0.5457,8696,2173250,-1686,1,0,0.7816,-950,253213,0.3129,-1210,1,0,1,0.8773,269637,0,122965,1,0.3532,0.4291,-693,0.6782,-24463,0,16,0.1129,0,4,-2,0,1,272522,138083,11,4875,0.3416,0.7909,-44
1,105008,1,-452,405920,0.0775,0,1,-2861,-2374,414427,0,210351,-1331,13,0,80232,1,38,-631,1,0,-1359,386066,-1441,0.94,2775572,187814,0,0,-1018,-2776,1,16681,-1890,47,0.4091,63552,168854,-400,0,1,1,2722677,-1792,0.1258,0,31692,186728,-686,0,1.2738,0.2077,-4838,56,0,1,58519,-2025,-14104,-1829,7060,0,2529329,0.9139,1,0.896,0,404000,1,1,0,2.8814,1194247,1,0.7258,56,2.9776,0,41351,0,0,-4742,8,1,1,991708,5,16588,1,0,0,7,1,459522,14448,0.4291,0.2145,3,0,22,-2132,1,10,7,-2715,0.0425,75,1644330,1402176,0.8611,299,-2072,496833,1,0,1168466,0,1,-382,1,200327,18004,1,1,-429,10,1,1,-16229,190812,1,47,4.5015,0.7352,1,4.61,5670,2545547,-2058,1,0,0.5998,-838,1124279,0.3639,-1246,0,0,0,0.0123,58149,0,111075,0,0.8576,0.8574,-615,0.9851,-24729,1,4,0.9599,0,16,-74,1,0,1990063,32300,12,9426,0.3985,0.516,-49
1,127544,1,-2092,440863,0.8423,1,22,-2376,-1919,183518,0,226722,-364,0,0,37105,0,0,-2761,1,0,-1734,413201,-1989,0.905,2242367,48923,1,0,-645,-2802,0,16669,-231,86,0.4687,471667,70255,-1449,1,0,1,1930819,-2154,0.6767,1,276313,203751,-2835,0,2.6889,0.0014,-7921,20,0,0,70238,-1360,-18614,-1218,37537,0,1693651,0.2709,1,0.4162,0,202997,1,1,1,4.9239,702161,0,0.9111,27,1.2498,0,22072,0,1,-1681,3,0,1,432913,0,14789,1,0,1,2,0,449931,98208,0.4582,0.1318,16,0,81,-428,9,17,13,-1740,0.0327,19,1205968,1682782,0.2597,155,-1174,139700,1,3,2514747,0,1,-1514,1,103664,77,0,1,-2612,17,0,1,-18353,216350,0,35,1.1779,0.8887,1,1.2023,10785,2995561,-2591,1,0,0.505,-493,1824604,0.9442,-2519,0,0,1,0.119,123188,1,122807,1,0.043,0.9939,-2175,0.8446,-6762,1,3,0.9627,0,17,-6,0,1,1133949,106162,0,6142,0.6899,0.4844,-39
1,71038,0,-110,409584,0.962,0,4,-2492,-643,132630,0,281072,-2345,8,0,97751,1,69,-2502,0,0,-29,106171,-2613,0.696,2385068,170046,0,1,-1367,-114,0,15791,-132,34,0.4209,511360,833757,-445,0,1,0,1755029,-666,0.8827,1,77895,203029,-365,1,1.3712,0.5085,-5830,12,0,0,140567,-461,-16701,-1380,53003,0,2320643,0.8433,1,0.2196,1,49330,0,0,0,3.458,1029361,1,0.9898,35,1.6898,1,29720,1,0,-4220,0,1,0,1777787,8,7344,0,1,0,0,1,422769,74671,0.5494,0.084,47,1,58,-2661,1,9,31,-2612,0.0251,484,2926034,1716153,0.2092,158,-2321,43831,0,6,1585712,0,0,-2524,0,349764,13369,0,0,-1086,13,0,1,-24210,43187,1,32,0.3199,0.2164,1,2.3708,31059,1066795,-802,1,1,0.7661,-181,1286107,0.3422,-2242,1,1,0,0.9431,16477,1,272284,1,0.035,0.4022,-2149,0.2885,-27305,0,4,0.9586,0,13,-109,0,1,84710,141920,9,3981,0.216,0.8465,-43
0,213523,1,-12,437205,0.9655,0,2,-824,-192,598099,1,114762,-1051,2,0,7893,1,52,-1591,1,0,-2528,82199,-186,0.5037,2912138,473844,1,0,-2669,-236,1,16136,-106,17,0.7255,1852030,890032,-2884,1,0,0,2367927,-2814,0.6111,1,56077,235092,-200,1,1.5369,0.2919,-2292,24,1,0,45847,-1379,-5552,-1139,64089,0,2781480,0.7414,0,0.4131,1,144253,1,1,0,4.9712,684933,0,0.0323,58,2.649,1,35037,0,0,-1896,7,0,0,1395958,1,17448,0,1,1,19,0,469269,145459,0.6708,0.1263,6,0,6,-872,1,16,32,-2278,0.0297,299,1200628,1875558,0.3703,304,-2684,541046,0,12,1691753,0,0,-1812,0,83881,17960,0,1,-2722,7,0,0,-17448,183550,1,30,1.6568,0.0668,1,1.5893,32641,2544344,-1801,1,0,0.542,-42,898352,0.2209,-1226,0,1,1,0.0549,240874,1,188612,1,0.0369,0.8018,-2247,0.9581,-15652,1,12,0.4692,0,1,-118,1,1,1126193,80466,19,5510,0.9463,0.8318,-58
1,122345,0,-1301,435449,0.8675,1,9,-1864,-1840,467710,1,177495,-1568,15,1,63058,0,64,-850,1,0,-2388,215653,-1098,0.341,2050815,454756,0,0,-1108,-2933,1,15162,-716,26,0.4862,58692,519566,-1235,1,0,0,2094741,-1078,0.4748,1,86687,246313,-2369,1,2.569,0.3518,-2786,43,0,1,108106,-2164,-7100,-1146,47789,1,1657434,0.5782,1,0.5372,0,263382,0,1,0,3.1433,274038,0,0.8986,53,3.6954,0,8106,1,1,-3377,8,0,0,973833,14,9373,0,1,1,4,0,449488,65257,0.694,0.1572,27,1,79,-956,0,15,64,-1141,0.0475,147,2074521,1752054,0.7644,449,-2827,134772,1,1,1039332,0,0,-2886,1,53941,11474,0,1,-1644,4,0,1,-15358,498219,1,23,1.426,0.2892,1,3.8743,32390,2874358,-2160,0,0,0.5697,-2398,233662,0.4566,-2367,1,0,1,0.9894,88381,0,167764,1,0.1001,0.4672,-700,0.85,-29217,1,22,0.0263,1,13,-34,0,0,974274,62757,8,1245,0.5814,0.5354,-37
1,123025,0,-1193,449201,0.7468,0,18,-1217,-605,563884,1,13793,-2747,19,0,33358,1,68,-2021,1,0,-1901,238196,-325,0.5198,2657518,131917,0,1,-2993,-251,0,16126,-1780,26,0.516,905743,470592,-1803,0,1,1,2799992,-1932,0.9726,0,87333,242050,-1354,0,2.8144,0.7973,-1228,15,1,0,34565,-1505,-9183,-575,30406,0,2702840,0.7593,0,0.2037,0,194761,1,1,1,1.4453,1785886,0,0.4864,49,0.4047,0,20982,1,0,-2334,0,1,0,50830,16,626,1,1,1,15,0,423934,64624,0.7829,0.2096,15,1,85,-780,9,17,2,-2544,0.0297,214,1296145,1607340,0.7116,247,-2289,463322,0,14,2975685,1,1,-1628,1,48910,95,0,1,-2713,18,0,1,-20790,26196,0,19,1.8435,0.2525,1,0.3677,24313,1372934,-498,0,1,0.6999,-2579,315045,0.4915,-1543,0,1,0,0.7391,221396,0,92598,1,0.7627,0.2608,-2960,0.5335,-16992,1,21,0.8569,0,15,-64,1,1,1835544,176408,17,6729,0.7159,0.1644,-45
1,89224,0,-104,396584,0.8705,0,7,-1588,-2896,244937,1,95127,-2924,0,0,50473,1,46,-2506,0,1,-2171,409151,-2228,0.6898,2010327,129036,0,1,-401,-752,1,15755,-2242,39,0.1146,1890334,342395,-1519,1,1,1,2481373,-599,0.2765,1,47349,222621,-1332,0,1.1417,0.1021,-618,38,1,1,180485,-2683,-7730,-2620,59051,1,2710937,0.1605,1,0.4028,0,177098,1,1,1,1.5764,564394,1,0.847,33,2.8513,0,13423,0,1,-4180,4,0,1,1829825,2,1294,0,1,0,8,1,440642,101021,0.5831,0.1712,9,1,64,-1161,4,17,25,-2530,0.0292,359,2037566,2716702,0.639,147,-565,434845,1,7,2238054,0,1,-1903,1,388974,13096,0,1,-1656,14,1,0,-23283,561162,1,40,3.8132,0.1513,1,2.4746,6842,1311600,-1882,1,0,0.8142,-2803,1518624,0.939,-312,1,1,0,0.9118,249194,1,263411,1,0.212,0.1759,-1121,0.9762,-3907,0,19,0.4975,0,21,-72,1,0,1647579,83830,18,1073,0.5095,0.0936,-15
0,192103,0,-2647,400134,0.2307,0,2,-233,-1129,579175,0,47801,-1167,14,1,43060,1,3,-2527,0,0,-2415,209477,-2170,0.9818,2131236,463604,1,0,-2850,-1183,0,16927,-757,77,0.3051,1311810,273427,-2384,0,0,0,1393715,-438,0.7437,0,261039,192190,-2781,1,2.9873,0.3226,-5613,27,1,1,95028,-1154,-13325,-2230,66524,1,2436230,0.5126,0,0.2557,1,594311,1,0,0,3.6408,620137,0,0.6561,43,2.3781,1,15415,1,0,-2679,7,0,1,1813716,4,16240,1,0,1,17,0,430087,99566,0.5277,0.0876,25,0,15,-2144,2,9,13,-766,0.0458,359,1159283,2259735,0.6825,385,-2353,2913,1,12,1058522,1,0,-551,1,53103,2839,0,1,-2098,15,1,1,-21461,524819,0,45,2.5565,0.342,1,3.5704,15863,2000996,-704,1,1,0.5686,-990,1007623,0.5405,-2434,1,1,1,0.3188,141982,1,239532,0,0.1608,0.3175,-1350,0.3322,-11193,0,4,0.7972,1,19,-18,1,0,29870,90239,4,8827,0.4126,0.3878,-24
1,50000,1,-600,409007,0.5079,1,17,-2577,-1948,392939,1,51884,-2993,11,0,77753,1,61,-2792,0,0,-1873,321910,-378,0.5988,2755394,290475,0,1,-4,-1797,1,16444,-460,59,0.0054,819127,45736,-1064,0,1,1,1053381,-179,0.2907,1,173965,167488,-1529,1,2.3475,0.5281,-2154,3,0,0,147389,-1071,-17362,-2174,19487,1,2565375,0.6825,1,0.2103,0,89733,0,0,0,2.8944,1269818,1,0.5372,56,2.3858,0,11433,1,0,-3234,1,1,0,1706338,10,13964,1,1,0,11,0,439472,135232,0.5513,0.1163,27,1,76,-270,8,11,99,-2216,0.0428,34,1996468,1575194,0.9139,345,-2495,375143,1,0,2850702,1,0,-2876,0,389274,4044,0,1,-1252,18,1,0,-21259,466849,0,18,2.7417,0.0051,1,1.1089,45119,1162304,-2777,0,1,0.7158,-1808,795786,0.3838,-1352,1,0,0,0.6201,161551,0,14843,1,0.0122,0.5013,-2914,0.6232,-6545,1,4,0.286,0,21,-22,0,0,1755674,197788,9,8385,0.5876,0.297,-25
0,270954,1,-543,380097,0.3034,0,19,-2410,-767,540613,1,251762,-2448,16,1,92216,0,9,-2830,0,0,-2960,191839,-1719,0.9406,1004902,311760,1,0,-465,-1279,0,16035,-1657,62,0.5738,179300,943106,-2914,1,1,1,1278923,-83,0.541,0,115168,209909,-1600,1,2.679,0.1705,-635,38,1,0,106325,-1328,-10493,-2225,21952,1,1335401,0.5265,0,0.7023,1,208948,0,0,1,1.2317,1438877,0,0.9476,49,4.0289,1,30368,0,1,-3145,9,0,1,1191954,19,3570,1,0,0,13,0,471664,68957,0.6491,0.2422,17,0,77,-322,2,9,26,-1534,0.0207,49,1541472,2671829,0.1083,151,-839,184451,1,16,1252366,1,1,-1386,0,167247,10850,0,1,-210,16,0,1,-13502,424300,0,6,0.2698,0.5222,0,1.9421,8718,1393630,-506,0,1,0.6863,-250,613601,0.1947,-1059,0,0,1,0.8362,48657,1,24349,0,0.5544,0.9181,-2032,0.5028,-26479,0,2,0.1497,1,22,-36,0,0,1860208,161309,9,2545,0.8245,0.2585,-41
0,218263,0,-1810,423083,0.7084,1,21,-650,-2082,697471,1,246713,-1142,14,0,17993,0,35,-1268,1,1,-206,461362,-2500,0.2273,2070346,61750,0,0,-1517,-2717,0,15263,-193,17,0.5636,1642168,235397,-815,1,0,0,2051620,-13,0.2159,1,36176,211744,-2346,1,2.8077,0.5766,-2962,43,1,1,103606,-1806,-22250,-724,28742,0,2554538,0.6329,1,0.4286,1,458403,0,1,1,2.6539,1903081,1,0.2304,43,2.0613,0,41411,0,0,-2838,1,1,1,1447467,14,8635,0,0,0,8,1,424676,12189,0.7177,0.2345,42,1,1,-1409,3,9,68,-1261,0.0459,151,2569615,2055972,0.3595,231,-495,186762,0,8,2225127,1,1,-2949,0,298977,2402,0,1,-1906,14,1,0,-13404,343637,0,1,2.421,0.7112,0,2.3198,47649,2289544,-2255,0,0,0.7053,-739,1555792,0.2542,-856,0,1,1,0.982,52730,0,66705,1,0.7622,0.9378,-2857,0.7324,-29657,0,20,0.6943,1,12,-82,0,0,491765,131431,5,1113,0.3362,0.0674,-21
1,16511,0,-2341,434886,0.6179,0,12,-2359,-1801,470766,1,83342,-747,12,0,14143,1,35,-1731,1,0,-505,193877,-2186,0.2284,2527561,146609,0,1,-2721,-1454,1,15592,-868,26,0.5686,1068437,684647,-708,0,1,1,2037186,-2099,0.3013,0,76139,212201,-2306,1,0.9805,0.6417,-7653,0,0,1,155905,-1731,-15366,-337,77493,0,2827894,0.8642,0,0.2432,1,49325,1,0,0,4.2076,26223,0,0.2533,46,2.4778,1,8634,0,1,-315,6,0,1,841210,0,2766,0,0,1,14,1,420135,55823,0.4735,0.0916,33,1,10,-2389,8,16,81,-1564,0.0474,121,1236821,2551747,0.6253,456,-1526,62015,0,12,2110276,1,0,-1642,1,262482,5806,0,0,-717,15,1,1,-19271,170647,1,30,4.6156,0.7748,0,0.3752,3745,1606839,-1288,1,0,0.5355,-2624,1614164,0.976,-978,0,0,0,0.643,89652,1,290673,0,0.4751,0.4255,-1026,0.3924,-9035,1,15,0.4343,0,14,-92,0,1,1668722,97870,19,5636,0.794,0.3479,-59
0,77706,0,-501,388878,0.7269,0,24,-2555,-822,283077,0,228284,-571,14,0,57021,0,63,-2051,1,1,-2054,354270,-1311,0.2009,2778939,466060,1,1,-1878,-2480,0,15638,-1871,0,0.5917,158847,471956,-690,1,1,1,1020866,-2708,0.4579,0,114379,218370,-2658,1,0.4771,0.3811,-2262,9,0,1,15826,-2853,-8618,-2987,95001,0,1552098,0.9596,0,0.79,0,26115,1,1,1,3.4455,1086845,0,0.828,55,4.6093,1,35014,1,0,-33,2,1,0,100651,7,18067,0,0,1,4,1,464229,10113,0.4506,0.2179,23,1,62,-2915,5,11,6,-54,0.0313,299,2278886,1572204,0.4591,63,-2687,76139,0,12,2798224,0,1,-1162,1,164841,7904,1,0,-1807,6,0,0,-22237,82556,1,38,4.0258,0.8172,1,1.3283,26701,2318727,-257,0,1,0.744,-263,904717,0.3694,-441,1,0,0,0.2608,33775,0,120910,0,0.7559,0.0354,-954,0.0041,-26674,1,0,0.8353,0,11,-48,1,1,1319467,9713,13,3930,0.9508,0.9926,-54
0,274642,0,-344,437015,0.6832,1,6,-2820,-1508,369054,0,112131,-821,2,1,19279,1,70,-1768,0,0,-1902,55145,-1029,0.1363,2283595,201077,0,0,-1812,-2034,1,15330,-1525,18,0.1563,772792,689767,-2735,0,0,0,1996566,-164,0.7475,1,93390,199067,-694,0,2.4221,0.4814,-5726,36,1,1,133164,-2466,-694,-2104,61510,0,1973698,0.5949,0,0.212,0,106251,1,0,0,2.2232,756536,1,0.3113,50,1.8816,1,35245,0,1,-4221,8,1,0,1785023,11,16941,1,0,0,17,1,466209,136645,0.4374,0.1695,40,1,32,-1102,1,14,6,-2675,0.0213,30,2040498,1913391,0.1991,238,-844,182299,1,5,2279773,1,1,-644,1,109819,2235,1,0,-2934,1,0,0,-23187,542965,1,33,3.6148,0.9145,1,3.6787,2147,1135283,-2129,1,0,0.5216,-2419,332667,0.5119,-2739,0,0,0,0.9569,166778,0,254825,1,0.5996,0.9236,-395,0.9128,-3721,0,12,0.3101,0,9,-104,1,0,1796286,36597,6,2414,0.4741,0.6201,-20
1,76722,0,-2733,390263,0.0473,0,18,-1101,-1622,613985,0,122018,-258,4,1,7272,0,15,-1506,1,0,-2644,188765,-714,0.6129,2314515,269286,1,1,-1086,-30,0,15176,-593,32,0.0927,177609,70434,-2276,0,1,0,2846395,-2755,0.7595,0,265021,215294,-1808,0,1.6471,0.0182,-1170,19,0,1,80993,-1259,-15697,-815,35595,0,2783682,0.8749,0,0.8888,1,50392,1,0,1,4.0378,1502951,0,0.898,43,3.9181,0,14022,0,1,-438,4,0,0,509888,2,11631,0,0,1,19,1,422929,70126,0.5004,0.1384,15,1,96,-2932,3,13,11,-2053,0.0414,346,1786004,2831237,0.0381,138,-294,167758,1,6,2760599,1,0,-2112,1,334887,1747,0,1,-1369,3,0,1,-20003,6889,0,11,0.3103,0.8332,1,1.7153,1376,2243584,-1727,1,1,0.5971,-2474,885775,0.4757,-677,1,1,0,0.0671,123117,0,269283,1,0.8046,0.0513,-1051,0.557,-12772,1,7,0.2281,0,19,-68,1,0,1489444,107343,2,1805,0.572,0.0363,-40
0,261309,0,-27,412453,0.7698,0,10,-1723,-629,489466,0,213068,-1006,15,1,75824,1,78,-2590,1,1,-1272,72761,-798,0.6233,2689515,192138,1,0,-296,-2696,0,15145,-661,94,0.4414,914565,81350,-1848,1,1,0,2840000,-2800,0.1733,0,276376,236398,-1710,0,1.4639,0.1574,-3544,54,1,1,35606,-767,-7795,-2776,77697,1,1419243,0.7944,1,0.7746,1,280999,0,0,0,3.8021,1561055,1,0.2118,57,4.1753,0,1589,0,1,-1584,4,0,0,1366517,15,15435,1,0,1,16,1,420296,33407,0.7809,0.1578,29,0,79,-2118,1,10,26,-1394,0.0351,197,2899860,1659502,0.0043,453,-1707,284473,1,9,2279576,0,0,-189,1,326211,4269,0,1,-449,17,0,0,-12731,102225,0,4,1.4222,0.5171,1,0.2617,15579,1955479,-2557,1,1,0.5363,-346,343387,0.9025,-2578,1,0,0,0.3801,96574,1,259786,1,0.131,0.4344,-94,0.0988,-6078,1,4,0.5642,0,6,-89,0,1,1527074,34845,1,5717,0.4362,0.7671,-50
1,169931,1,-723,441062,0.9878,0,19,-2616,-2536,315838,0,100787,-2346,19,1,96134,0,22,-1463,0,0,-215,154267,-1523,0.8365,2150546,29692,0,0,-2253,-2899,0,15175,-1363,88,0.0378,921002,529530,-1029,0,0,1,2420273,-1599,0.1535,0,4651,220790,-748,1,1.7376,0.7116,-6973,19,1,1,89435,-1491,-21218,-147,4094,1,2591412,0.082,1,0.523,0,402823,0,0,0,2.4592,916861,0,0.7113,39,4.2512,1,41546,1,1,-4741,7,0,0,38572,7,11870,1,1,0,7,0,452820,85347,0.7343,0.2067,27,0,5,-47,8,16,12,-1609,0.0345,69,2764879,1754527,0.0216,34,-320,552961,1,19,1544168,0,1,-367,0,349582,8827,1,1,-2904,10,1,1,-13650,588881,1,13,0.3767,0.9382,1,4.902,42912,1742798,-1358,1,1,0.6199,-343,1923210,0.3418,-1542,0,0,1,0.0625,165112,0,57809,1,0.2055,0.7004,-1993,0.9542,-21088,1,20,0.6065,1,22,-14,0,1,1779040,121749,15,1642,0.7152,0.0826,-39
0,193322,1,-2170,428096,0.0585,1,18,-1760,-2729,597362,0,207610,-498,1,0,41057,1,84,-2648,0,1,-2816,160739,-1525,0.0411,1761822,65030,0,1,-867,-12,0,16681,-2452,38,0.3239,1536038,790111,-2537,0,1,0,1536663,-1731,0.6428,0,173938,202656,-312,0,0.4429,0.424,-3620,40,0,0,105772,-1660,-500,-382,91538,1,1451359,0.2245,0,0.2724,0,37149,1,1,0,3.2363,332795,1,0.752,43,3.5914,0,12660,0,0,-3789,3,1,1,672323,10,7694,1,0,1,7,1,445214,184058,0.4784,0.2142,14,1,63,-810,1,16,59,-2113,0.025,327,2924960,1545419,0.6176,188,-769,530709,0,3,1106115,0,1,-832,0,102218,18437,0,0,-1661,19,1,1,-24751,310158,0,22,1.2348,0.3135,1,2.0322,5350,2609628,-315,0,1,0.8019,-2963,1469496,0.4718,-938,0,1,0,0.5787,170525,0,180280,0,0.9412,0.6765,-930,0.4571,-16004,0,10,0.5401,0,13,-96,1,0,606491,79489,16,3396,0.5425,0.399,-18
0,94556,1,-2499,395626,0.4641,0,26,-187,-2443,300187,0,103849,-2146,7,1,34541,1,66,-262,1,0,-2930,51322,-672,0.0849,2658651,106651,0,1,-2055,-2553,0,16759,-1154,1,0.1975,1963017,918633,-1096,0,0,0,2402452,-782,0.7186,1,34063,201001,-2110,0,1.1743,0.8312,-1539,40,1,1,141223,-1101,-19096,-2944,14246,0,2664497,0.5359,1,0.3236,1,284729,1,0,1,4.308,1185225,1,0.399,26,1.5915,1,32042,1,1,-4813,4,1,1,1822115,7,3040,0,1,0,2,1,476446,30779,0.48,0.1144,20,1,1,-75,8,11,87,-730,0.0297,420,2092637,2714535,0.5654,478,-466,380322,0,0,1759920,1,0,-1329,0,381172,15983,1,1,-90,19,0,0,-24754,82809,1,17,0.5331,0.9526,0,4.1875,20996,1516148,-358,1,1,0.8106,-1483,1865140,0.5386,-1983,0,1,0,0.5186,215697,0,26750,1,0.2009,0.2005,-180,0.6491,-12664,0,6,0.0755,0,22,-72,1,1,598331,152768,18,7271,0.2346,0.6322,-11
1,209921,1,-733,390340,0.5968,1,10,-2310,-2137,688725,1,255879,-1118,12,0,35032,0,60,-1147,1,0,-1290,307810,-203,0.1985,1201365,344958,1,0,-734,-2011,1,15743,-1722,17,0.6459,1457982,678292,-1961,0,0,0,1623365,-1031,0.2363,1,12787,195370,-2103,1,2.1143,0.6913,-6643,44,0,1,74102,-494,-23884,-831,96862,0,1017094,0.4332,1,0.6112,1,453958,1,1,1,3.9018,102568,0,0.631,28,4.0716,1,38044,1,0,-4521,1,1,1,717139,5,17132,0,0,1,12,0,448498,161316,0.6931,0.1992,5,1,3,-747,3,10,78,-1818,0.048,371,2413076,2042791,0.4214,119,-1669,111752,0,17,1387042,0,1,-2617,0,102689,16542,0,0,-2999,17,1,1,-22235,272012,0,49,3.0652,0.9079,1,0.3841,15172,2400479,-1654,1,0,0.6932,-1802,136571,0.0064,-630,0,0,1,0.6983,298171,1,197987,0,0.1321,0.2479,-719,0.1052,-11150,1,3,0.6929,0,12,-118,1,1,1105799,47447,5,8921,0.3894,0.2987,-17
1,100564,0,-217,381724,0.1737,1,20,-1217,-2564,181214,0,103011,-2226,10,0,72854,1,61,-1786,1,1,-1680,39158,-51,0.3951,1383876,260463,0,1,-1144,-735,1,15792,-1873,65,0.1935,1743188,90094,-2076,0,0,0,1402512,-1917,0.0455,1,195301,177969,-1038,0,0.6307,0.337,-1986,47,1,0,54453,-2816,-19091,-445,47718,1,2575412,0.1177,1,0.5371,1,255999,1,0,0,1.3334,905918,0,0.7118,57,0.32,1,40475,0,1,-4544,6,1,1,1447758,16,13622,0,0,1,11,1,475175,142214,0.5446,0.2499,24,1,20,-2009,2,17,84,-1397,0.0464,136,2488645,1091005,0.0571,488,-1531,42101,0,14,1412403,1,1,-238,1,295925,12085,1,0,-2368,0,0,0,-20209,243648,0,27,0.3669,0.7787,0,2.7064,30307,2271166,-1973,0,0,0.7437,-320,437654,0.2083,-1504,1,0,1,0.4155,53393,0,204942,1,0.016,0.6863,-1212,0.9888,-29095,0,14,0.189,0,3,-88,0,0,1624759,73832,16,851,0.7579,0.1185,-24
1,24617,0,-2487,395433,0.7832,0,20,-1189,-455,264161,0,255042,-629,15,0,24357,0,28,-230,0,0,-2641,466404,-938,0.3149,1482923,351451,0,0,-1130,-1186,1,16023,-1001,9,0.271,1939243,846177,-223,1,0,1,1423341,-2837,0.3774,1,290233,223081,-937,1,1.5014,0.1029,-2347,23,0,0,15327,-1621,-1968,-2591,88361,1,2996241,0.3253,1,0.5077,0,466454,0,1,1,3.5772,1955239,1,0.1762,29,0.2175,1,7797,1,1,-417,5,1,1,1619213,7,1156,0,0,0,12,0,431690,55796,0.423,0.1594,33,1,26,-2,5,15,34,-1480,0.0491,225,2650406,1054867,0.4768,292,-934,100506,1,2,2593199,1,1,-2002,1,382061,18838,1,1,-1399,17,0,1,-10386,468813,0,19,0.927,0.9066,0,0.9697,27861,2483992,-2446,1,0,0.5605,-1976,515725,0.5274,-2668,1,1,1,0.0166,264685,0,172542,1,0.4161,0.4358,-1617,0.5947,-2103,0,22,0.3211,1,21,-97,0,1,326086,74039,14,4531,0.0167,0.0039,-5
0,224663,0,-1817,397322,0.9447,0,26,-1480,-161,643321,0,41193,-943,9,0,76719,0,83,-2480,0,0,-112,253076,-2497,0.2444,2060729,469313,0,1,-1094,-1018,1,15770,-1698,90,0.3251,331835,677756,-58,1,0,1,1593227,-2059,0.947,1,21462,154140,-617,0,1.4835,0.9852,-1735,23,0,0,38408,-1626,-18166,-1089,82132,1,2499819,0.8484,1,0.497,1,568665,1,0,1,2.2147,500761,0,0.1683,52,4.2383,0,43629,0,0,-4376,7,0,0,1070493,2,16692,1,1,0,0,0,421422,56046,0.5959,0.1333,5,1,73,-242,2,17,99,-389,0.0314,410,2778035,2174603,0.3621,212,-448,149889,0,9,2825185,0,1,-670,1,284785,14309,1,0,-727,4,1,0,-24975,418190,0,31,3.6594,0.6796,0,1.2228,34267,2757034,-2906,0,1,0.763,-1836,1760880,0.827,-1136,1,1,0,0.2191,283358,1,182623,1,0.2763,0.9837,-455,0.3357,-1392,1,8,0.5737,1,18,-55,1,0,70400,157232,1,3484,0.617,0.7756,-22
1,249304,1,-2711,432119,0.3696,0,29,-202,-1227,480627,1,200562,-1273,0,1,79044,1,23,-255,1,0,-1199,113658,-2496,0.9532,1660764,246004,1,0,-2677,-1438,1,15711,-1520,10,0.3139,62158,719490,-267,1,1,1,1857057,-2328,0.6281,1,92190,171137,-2864,0,0.961,0.766,-4340,16,1,0,98131,-1130,-1669,-76,13207,1,2422990,0.8136,1,0.3437,0,386457,0,0,0,1.5537,519509,0,0.4011,56,3.5836,1,7326,0,1,-1626,3,1,1,430810,16,5991,1,0,0,17,1,458594,137591,0.5204,0.2404,42,1,24,-2611,5,14,48,-1443,0.0334,118,1302439,2276826,0.6367,497,-2537,421166,1,15,1663861,0,0,-331,1,373810,14815,0,0,-1409,8,1,1,-14785,196619,0,31,0.6546,0.4666,0,0.0129,31156,1239289,-2172,1,0,0.6833,-2382,1794595,0.0699,-2289,0,1,1,0.8351,218641,0,179833,0,0.9844,0.1073,-806,0.796,-4091,0,13,0.6432,1,17,-38,1,1,665340,40380,17,5431,0.6065,0.3354,-27
1,252780,0,-2591,414606,0.7689,1,27,-1121,-1191,272845,1,231665,-2146,5,0,26408,1,86,-289,0,1,-2720,226435,-2805,0.4338,1527132,230339,0,0,-2485,-2465,0,16384,-2230,45,0.2026,195634,486688,-826,0,0,1,2134707,-1985,0.3791,1,139395,166873,-2335,1,0.4752,0.0402,-7619,29,0,1,23152,-1708,-449,-1546,87798,0,2141514,0.7627,1,0.1796,0,270974,1,1,0,4.848,1805533,0,0.0939,35,1.7592,0,5708,1,0,-340,8,0,1,1325012,15,8290,1,0,1,1,1,474829,19845,0.7163,0.1902,24,1,94,-1843,8,13,14,-2293,0.0454,40,2212171,1558245,0.8601,367,-215,239903,1,13,1638381,1,0,-1456,1,350132,9910,0,1,-2754,14,0,0,-16034,366541,0,47,0.342,0.1387,0,3.8708,40921,1339450,-2716,1,0,0.8049,-2854,1073811,0.7564,-1480,1,0,0,0.2957,83706,1,266697,1,0.1081,0.202,-62,0.9977,-14518,0,7,0.7902,1,12,-97,0,1,682021,165300,2,5151,0.3763,0.5525,-45
0,190297,1,-2219,445384,0.478,0,25,-2548,-78,446665,0,133854,-169,13,1,89084,1,5,-1985,1,1,-971,124934,-1321,0.0751,2345792,435205,1,1,-1879,-2571,0,16674,-869,40,0.4008,1403795,144870,-1823,0,0,1,2616015,-64,0.3913,1,106223,190696,-654,0,2.901,0.397,-5926,44,1,1,55463,-42,-10508,-1200,90001,1,1738792,0.0244,1,0.0463,1,139754,0,1,0,4.5591,1238491,1,0.0246,52,1.8346,0,33208,1,0,-3106,4,1,1,407675,14,15115,1,0,1,11,0,479916,78684,0.563,0.1809,31,1,25,-474,2,9,85,-847,0.0383,338,2718130,1196139,0.4741,182,-932,508415,0,15,1623676,1,0,-2050,0,138768,7242,1,0,-868,7,0,1,-13661,160219,1,33,2.4071,0.0224,0,0.3061,4312,2795981,-1952,1,0,0.7413,-1507,1578376,0.7182,-2319,0,1,1,0.6318,299789,0,175674,0,0.9247,0.1102,-2760,0.5937,-7625,0,17,0.7508,1,19,-92,1,1,100265,143839,6,375,0.7361,0.2418,-13
0,55634,0,-2350,404652,0.8227,0,15,-1681,-945,172080,1,170553,-1455,7,1,97420,0,36,-2049,0,0,-533,183821,-460,0.3627,1584037,358488,1,1,-991,-887,1,16316,-575,53,0.8852,187544,273081,-478,1,1,0,1875011,-523,0.1935,1,32629,203976,-1649,0,1.1023,0.8969,-7793,37,1,1,141339,-2951,-20142,-1656,25966,0,1095776,0.144,1,0.9053,0,440756,0,1,0,4.4915,762164,1,0.4837,50,1.1972,0,14757,0,0,-1153,5,0,1,1298181,2,14105,0,0,1,12,1,429869,60990,0.5954,0.0702,11,1,27,-1215,7,13,29,-2932,0.0305,297,2752772,1964815,0.4968,108,-906,270083,0,13,2623649,1,1,-1838,1,208639,1775,1,1,-1963,17,1,1,-16532,242764,1,17,2.1015,0.2134,0,0.1805,40938,1934140,-2529,1,1,0.7965,-2410,298952,0.8701,-1692,1,1,1,0.9823,143093,1,194010,0,0.6383,0.639,-2668,0.9252,-22332,1,17,0.9844,1,2,-86,1,1,1187467,36901,2,2236,0.8592,0.9203,-47
1,93919,1,-215,427620,0.8742,0,10,-1401,-1315,606925,0,20045,-2741,18,1,84064,0,72,-2756,0,1,-862,77570,-2763,0.9322,1603492,92342,0,1,-2486,-2970,0,16089,-504,80,0.0118,1200934,563026,-135,1,0,1,1029774,-2286,0.0043,0,8807,158766,-505,1,0.03,0.8068,-3349,26,0,0,28297,-494,-13362,-1547,66777,1,1417527,0.9459,0,0.3005,0,324220,1,0,0,2.8437,1699062,1,0.1786,28,4.1489,0,21579,0,1,-2832,3,0,0,658325,19,3887,1,1,1,9,1,446602,108033,0.7066,0.1421,39,0,89,-1191,8,13,8,-1794,0.0221,249,2924649,2807128,0.5915,208,-2162,205800,0,7,1627960,0,0,-2068,0,21743,19196,0,0,-1544,10,1,1,-19489,351344,1,5,3.907,0.5637,1,1.278,25808,1625357,-2421,0,0,0.5324,-543,1693089,0.9691,-627,0,0,0,0.266,214855,1,88847,0,0.4969,0.3855,-919,0.548,-11515,0,10,0.4569,0,2,-34,1,0,874022,86971,9,3190,0.2417,0.9024,-12
0,10659,1,-708,381514,0.9487,1,28,-2712,-2312,648797,0,250421,-1165,0,1,69382,1,81,-2156,1,1,-1587,179081,-1790,0.8679,2113368,465937,0,1,-1665,-1364,1,16618,-2194,40,0.6873,319749,701150,-2232,0,1,1,1378179,-1357,0.038,0,135095,222382,-2677,1,2.4933,0.8627,-6224,9,1,1,99517,-102,-23170,-1360,77845,1,2893867,0.6766,1,0.649,1,373197,1,0,0,1.8034,611116,1,0.1468,44,4.0443,0,25339,0,1,-4999,9,1,0,275564,11,19642,1,1,1,14,1,447228,183947,0.7938,0.1823,24,1,74,-401,9,16,60,-611,0.0302,11,2561487,1275490,0.7283,358,-2210,127416,1,15,1557651,0,1,-2970,1,82574,2773,1,1,-1306,16,1,0,-20496,54545,0,34,1.0705,0.6419,1,2.1455,28468,1302696,-392,1,0,0.658,-1889,659983,0.2373,-531,1,1,0,0.3703,244223,0,156844,0,0.0855,0.5572,-1388,0.8503,-13845,0,18,0.2311,0,19,-66,0,1,909693,50910,13,4292,0.7486,0.204,-55
0,84768,1,-2226,442983,0.0147,1,14,-669,-635,369194,0,280218,-1163,13,0,56965,0,15,-247,1,1,-1238,256391,-1700,0.8108,2949542,171527,0,1,-2492,-1708,0,16647,-1741,30,0.1017,1787976,103912,-2743,0,1,0,1814433,-1377,0.4093,1,64321,238488,-2514,1,1.7581,0.2809,-632,11,0,1,85431,-434,-24997,-592,23663,0,2927119,0.131,0,0.4181,0,380440,0,0,1,1.4766,34449,0,0.1963,39,4.8789,1,22600,1,1,-2227,4,1,0,1833331,18,16741,0,1,0,12,1,474388,107653,0.4634,0.1834,47,1,81,-451,8,10,7,-1219,0.044,472,1527183,1959793,0.1394,79,-352,98860,0,18,1193414,1,0,-2713,0,314473,14099,1,0,-1807,2,1,0,-12590,94842,1,37,2.0558,0.6219,1,4.5823,4227,2725562,-632,1,0,0.7467,-600,237024,0.6047,-1139,0,0,1,0.8039,123369,0,278085,1,0.8555,0.8976,-2538,0.087,-4664,0,18,0.4922,0,20,-5,0,1,730380,108395,1,281,0.4867,0.2128,-18
1,65972,0,-257,441099,0.6324,0,26,-1656,-137,335735,0,187042,-72,0,1,26938,1,82,-1442,1,0,-2800,2350,-788,0.3988,1799157,206424,1,0,-2106,-1507,1,15907,-1839,16,0.8274,1523224,288207,-415,1,0,0,2936490,-427,0.6835,1,166529,168527,-2971,0,0.0484,0.7025,-5108,4,1,0,81408,-1698,-6554,-823,41557,0,1201540,0.6343,1,0.8294,0,111252,1,1,0,4.8452,1903022,1,0.2088,47,4.4433,0,26430,0,0,-3393,3,0,1,1551197,7,13112,0,1,0,8,0,426155,71303,0.6482,0.1806,34,1,66,-2686,6,13,26,-2165,0.0451,394,1124891,2588985,0.9678,470,-34,113182,1,3,2816159,0,1,-42,1,4119,11148,0,1,-953,10,0,1,-20129,228175,1,27,4.6366,0.5872,1,4.9949,10307,1180078,-942,1,1,0.5864,-1288,1162398,0.4175,-2872,0,1,1,0.5023,79251,0,24364,1,0.1043,0.3013,-2123,0.1793,-14254,0,19,0.5178,1,13,-103,1,1,1779836,172336,18,4473,0.8514,0.0557,-44
0,201373,1,-2957,444787,0.9295,1,13,-601,-2068,453112,0,68785,-909,4,0,11487,0,25,-1894,1,1,-2776,380739,-288,0.0434,1678312,3066,0,1,-2298,-2889,0,16793,-1318,73,0.2254,237256,29176,-2311,0,1,0,1753188,-1443,0.9494,0,26382,249705,-1406,0,2.5583,0.9198,-4813,11,1,0,170631,-2912,-3040,-2506,23360,1,1410354,0.9497,1,0.9592,0,278880,1,0,0,3.4366,1899850,0,0.2233,32,3.7792,0,36420,1,0,-4481,1,0,0,1286242,19,12354,0,1,1,11,1,471477,73551,0.6324,0.1823,5,0,47,-2197,9,17,22,-263,0.0205,278,2905600,1785621,0.9368,257,-2499,384171,1,10,2989455,1,1,-1230,0,145799,18143,0,1,-782,2,1,1,-20643,119794,0,48,2.9556,0.2034,1,2.5763,14692,2821100,-2220,1,0,0.8149,-530,1672545,0.1339,-2337,0,0,1,0.508,209147,1,216502,0,0.1287,0.7,-1961,0.5891,-24822,0,8,0.925,0,11,-13,1,0,1411954,17956,9,8441,0.5216,0.203,-28
0,79179,0,-1878,438640,0.6968,1,7,-1399,-94,641452,1,128607,-1325,12,0,40525,0,8,-1934,1,1,-1071,43019,-927,0.2658,1623324,312995,1,0,-2949,-636,0,16627,-1939,43,0.1885,1462690,400592,-1003,0,1,0,2520411,-2533,0.636,0,180568,203853,-960,1,2.5894,0.6059,-4796,29,0,1,144959,-2044,-5190,-2286,75692,0,2886608,0.5676,0,0.2326,0,379513,1,1,1,2.284,738674,0,0.3024,58,1.626,1,13738,1,0,-1572,8,1,1,1760440,13,19963,0,1,0,19,0,476012,22186,0.5336,0.0878,42,1,94,-725,5,11,4,-2757,0.0314,377,1461987,2560324,0.1912,106,-1569,546870,1,2,1138843,1,0,-300,1,398600,1216,0,0,-2898,0,0,0,-19518,450596,0,8,1.6811,0.4009,1,2.8577,37300,1680645,-838,0,0,0.5893,-1784,1979689,0.0467,-714,1,1,0,0.3748,105241,0,84698,0,0.3248,0.3277,-1399,0.5546,-27795,1,20,0.5731,0,6,-26,0,1,509412,54573,3,3348,0.6527,0.1127,-30
1,1640,0,-1832,438240,0.6891,1,19,-39,-2929,445063,1,283485,-2314,9,1,82370,1,81,-1080,1,1,-721,272840,-1265,0.4739,2944612,88428,0,0,-930,-319,0,15599,-2118,81,0.2903,1007440,236645,-247,1,0,0,1763950,-2031,0.382,1,138341,180775,-82,1,2.1416,0.6683,-4255,19,0,0,43572,-1831,-12668,-213,59830,1,2877453,0.4779,1,0.4789,1,518216,0,0,0,3.4876,1504423,1,0.6171,25,0.9559,1,23305,1,1,-4255,3,1,0,1274932,9,19095,0,1,0,11,0,447151,116131,0.6514,0.1802,16,1,5,-2940,3,13,36,-1875,0.0269,307,2812471,1591718,0.2234,297,-437,318968,1,2,2264792,0,0,-1936,1,56738,2022,0,1,-1907,13,1,0,-12844,554556,0,3,4.6273,0.511,1,2.6446,23759,1645906,-126,0,1,0.8404,-985,835983,0.0547,-1163,0,1,1,0.6325,35239,0,51470,0,0.6882,0.523,-800,0.6724,-22213,1,21,0.8707,1,13,-5,0,0,1201741,194547,3,1045,0.4778,0.2275,-26
0,153158,0,-2963,422352,0.3413,1,2,-2524,-1321,600268,0,186429,-756,3,0,32553,0,89,-2830,1,0,-2573,365269,-1795,0.3308,2054833,236519,1,1,-2193,-1252,1,15690,-279,84,0.4179,47925,129587,-2956,0,1,0,1809705,-157,0.4201,0,95925,161830,-591,0,1.825,0.5426,-3656,42,0,1,66817,-2770,-14262,-2768,22083,0,1359675,0.4589,0,0.3056,1,272046,0,0,0,2.0626,489356,0,0.073,27,3.0068,0,17118,0,1,-1047,0,0,1,1337935,14,15377,0,1,1,18,0,434052,166895,0.734,0.1303,27,1,66,-1836,8,16,62,-279,0.0364,249,2952867,2254692,0.9006,416,-1977,571721,0,16,2860236,0,1,-280,0,199654,11110,0,1,-2751,3,0,0,-23699,426167,1,40,4.2449,0.6468,0,3.4837,30929,1646218,-1366,0,0,0.8193,-1809,1696129,0.1611,-2324,0,0,1,0.6155,281265,0,62102,1,0.3954,0.4542,-604,0.5123,-8598,1,15,0.804,1,4,-28,0,1,1140161,106315,4,8335,0.164,0.89,-28
0,91874,1,-2884,407412,0.528,1,8,-2132,-1712,535921,1,121320,-2175,16,0,89234,0,56,-552,1,1,-136,38181,-2400,0.2569,2289637,115066,1,1,-1102,-1602,0,15161,-1301,68,0.0511,951118,818696,-2860,1,1,1,1551888,-1946,0.826,1,39284,191855,-1493,0,0.8363,0.9268,-7117,12,1,0,52202,-1606,-8925,-1576,34292,1,1122814,0.969,1,0.9741,1,73563,0,1,1,4.1588,386299,1,0.9633,45,4.6099,0,40426,1,1,-1668,6,1,0,987882,10,8826,0,0,0,6,1,472476,110293,0.7316,0.1069,49,0,21,-2251,5,12,99,-2692,0.0427,442,2687113,2396688,0.5943,165,-846,270549,1,4,1572029,1,0,-1123,1,337583,8357,1,1,-1333,10,0,0,-14031,338210,1,8,2.5303,0.4557,0,4.4247,41685,1571241,-941,0,1,0.7964,-435,380354,0.7464,-1904,1,0,1,0.7954,102299,1,251369,0,0.9384,0.1803,-411,0.2881,-23230,1,6,0.7064,0,7,-5,1,1,63450,115772,18,7552,0.5039,0.0402,-14
0,55104,1,-2812,418803,0.3216,0,24,-1535,-1104,310354,0,173167,-2745,1,1,59099,0,68,-1243,1,0,-1216,297134,-1693,0.6945,2283354,14290,0,0,-658,-937,1,16915,-2202,77,0.1888,1915161,445208,-405,1,0,0,2997965,-2124,0.4468,1,97397,179808,-2219,1,0.8208,0.104,-4013,36,0,0,9407,-1293,-3492,-2099,84829,1,1343687,0.1116,0,0.1761,0,1952,1,0,0,2.3926,1774813,0,0.5072,33,1.4019,1,38510,1,0,-622,6,0,0,1271866,15,18008,0,0,1,18,0,462816,29524,0.6676,0.1383,41,1,48,-1775,3,16,93,-1723,0.0405,250,2630282,1906637,0.7917,378,-1857,115767,0,9,1843777,0,1,-2366,0,42947,10641,0,0,-604,9,1,0,-14765,33146,1,47,4.7535,0.3282,1,4.8326,49974,1206308,-2695,1,0,0.5234,-1124,1796844,0.3663,-890,1,0,0,0.403,136318,0,132428,1,0.7953,0.5447,-2544,0.5277,-27383,0,12,0.3029,1,9,-105,0,0,1544674,73644,15,5911,0.8034,0.9191,-5
0,31805,1,-1116,393332,0.2923,1,1,-750,-2844,181853,0,173150,-2426,2,0,98838,0,22,-1138,1,0,-438,292608,-1000,0.9102,1102923,431428,1,0,-735,-2350,1,15388,-216,59,0.7717,1530320,419136,-2180,0,0,1,2649838,-2617,0.554,1,247328,201650,-914,1,0.668,0.958,-6020,34,1,0,685,-2664,-7765,-1902,77657,1,2264948,0.6005,0,0.7322,1,354599,1,1,0,3.4764,1211998,1,0.7248,38,3.75,1,34013,1,0,-767,8,1,1,641983,6,1246,0,0,1,13,1,450405,36870,0.4475,0.0727,39,1,25,-1411,5,9,3,-39,0.0214,420,2389096,1789166,0.9858,448,-611,392491,1,10,1315582,0,0,-882,1,42987,2567,1,0,-1816,13,1,0,-16559,599293,0,11,2.5368,0.2864,1,4.753,26544,1045584,-1010,1,0,0.556,-1912,1713321,0.6214,-2343,0,0,1,0.5299,158852,0,226372,1,0.3849,0.3858,-1424,0.3006,-12492,0,16,0.3018,0,11,-64,0,0,1056849,149333,9,3314,0.1552,0.3907,-10
0,274918,0,-221,400543,0.6917,1,18,-1229,-629,366128,1,34831,-2411,12,1,47756,0,93,-1925,1,1,-1349,27639,-1984,0.0955,2366652,119417,1,1,-945,-86,0,15666,-536,64,0.3938,189572,86611,-1443,1,0,0,1359866,-2315,0.9691,1,275288,172180,-2200,1,0.0696,0.4106,-6715,14,0,0,133826,-581,-22142,-1514,13630,0,1968969,0.6266,1,0.3462,1,126032,0,0,1,1.109,1946839,0,0.7257,51,2.7126,1,36458,0,1,-3540,5,0,1,701467,10,1572,1,0,0,9,0,435928,79396,0.7973,0.1003,4,0,49,-150,6,14,56,-2530,0.0243,374,2509755,2854861,0.944,253,-31,441393,1,18,1086302,1,0,-2757,0,178820,11087,0,1,-225,9,0,0,-12212,59100,1,44,1.541,0.3422,1,2.1144,24754,2104028,-86,1,1,0.7906,-1327,439076,0.0127,-2964,1,0,0,0.3545,278936,1,81981,0,0.0781,0.0136,-612,0.4153,-9989,0,20,0.1209,1,21,-58,1,0,982027,7839,5,9079,0.2323,0.5627,-24
0,12034,1,-2826,424086,0.5396,0,22,-2677,-2302,111187,1,267443,-1788,14,0,8314,0,96,-350,0,1,-1821,49018,-2459,0.9721,1225291,82550,1,1,-1955,-2897,0,15347,-80,53,0.44,1261403,898611,-1195,1,1,0,1942231,-2241,0.53,1,143546,229544,-1372,0,2.9222,0.6486,-874,20,0,1,78973,-2017,-22734,-1242,60398,0,2718123,0.9011,1,0.9557,1,102946,0,0,0,3.6696,1145951,1,0.2462,46,1.3221,1,25902,0,1,-4621,8,1,0,151012,11,382,0,1,1,3,0,427170,120989,0.7758,0.2022,28,1,13,-1407,0,11,99,-2092,0.0491,347,1667011,2620872,0.7522,409,-2884,237441,0,4,1969800,0,1,-150,0,64257,14725,1,0,-2200,8,1,1,-21478,325952,0,37,0.3651,0.0311,1,3.9265,20276,2493893,-2644,0,0,0.6194,-2745,569045,0.1386,-1794,0,1,0,0.4292,119570,0,133992,0,0.4507,0.0028,-1371,0.2484,-27115,0,6,0.2128,0,7,-16,1,1,968119,101981,5,9838,0.7621,0.3388,-5
1,291188,1,-682,408436,0.9076,1,15,-2958,-979,489591,0,91376,-2551,2,1,65810,0,37,-870,1,0,-694,319551,-1266,0.0053,1166629,317893,0,1,-2783,-1411,0,16823,-918,51,0.1742,852952,152434,-2680,1,1,0,2722501,-579,0.3374,1,191336,211635,-1812,1,2.1311,0.6729,-2985,10,1,1,14006,-255,-15901,-1841,60967,1,2555008,0.36,0,0.4039,1,156780,0,1,1,4.7324,1996662,0,0.5055,49,3.7075,0,24579,0,0,-2773,2,1,1,1061347,5,2084,1,1,0,2,1,428053,9465,0.4596,0.1175,33,0,73,-226,2,9,1,-382,0.0374,190,2436309,2694915,0.8622,309,-1815,253241,0,13,2117686,0,0,-1736,1,159587,6665,1,0,-2123,5,0,0,-21161,159934,0,31,2.7997,0.7242,0,3.6929,3700,2464593,-2147,0,0,0.5465,-1461,320407,0.5071,-1652,0,0,1,0.4746,210994,0,79400,1,0.1293,0.6993,-41,0.0543,-13315,1,3,0.9519,0,4,-88,1,1,5248,72724,16,5865,0.0496,0.1064,-4
0,237695,0,-1240,445617,0.7088,1,18,-2542,-2148,174819,0,32828,-959,13,1,16691,1,96,-1587,1,1,-111,275856,-2243,0.073,1006285,390760,0,0,-1471,-1713,1,15401,-103,90,0.9173,1880202,862957,-2969,1,1,0,1572718,-1631,0.7767,1,96862,201005,-59,0,0.2513,0.4928,-93,8,1,1,103570,-1311,-9682,-689,41618,0,1209658,0.9927,0,0.4559,1,420171,1,0,1,3.0631,289003,1,0.2261,58,0.7367,1,11490,1,1,-4374,1,1,0,67858,4,13732,0,0,1,6,1,425203,62757,0.6869,0.24,9,0,10,-566,7,17,46,-390,0.0388,116,1309440,1709240,0.7182,217,-2936,381417,0,0,2048252,0,1,-1389,0,70498,18328,0,1,-1782,5,1,0,-15543,514346,1,3,0.0951,0.8432,1,1.5922,47990,2105889,-1459,1,1,0.629,-259,976298,0.4955,-778,0,0,0,0.1723,289464,1,39006,1,0.6381,0.3448,-387,0.8329,-10594,1,8,0.8795,0,0,-21,0,1,1235073,55148,16,261,0.6556,0.5919,-1
1,13369,1,-2325,426487,0.9911,1,22,-145,-1113,139402,1,194186,-2342,14,0,56592,1,52,-867,0,1,-960,63578,-1298,0.0572,1740257,479802,0,0,-1604,-1465,0,15523,-608,91,0.6209,231848,129759,-2833,1,0,0,1796659,-436,0.0845,0,176038,192208,-1256,1,0.7792,0.551,-3499,14,0,1,63693,-2420,-6907,-2790,25777,0,1161335,0.2091,0,0.3495,1,233697,1,0,1,2.5834,982826,0,0.4586,29,1.4501,1,42155,0,1,-2675,7,0,1,382571,0,2795,0,1,1,12,1,479274,46106,0.6055,0.0708,2,0,27,-2096,6,8,92,-1719,0.0309,91,2588259,2319820,0.916,52,-1136,309619,0,5,2641563,0,0,-2515,1,352966,16230,0,0,-1550,16,1,1,-18317,321168,1,20,1.1119,0.6212,0,0.8574,24,1141603,-435,0,0,0.803,-1603,1267920,0.7276,-2307,1,0,0,0.2979,161655,0,158785,1,0.3721,0.1282,-2942,0.0451,-14656,0,16,0.3665,1,1,-77,1,1,279011,158453,4,3102,0.6401,0.3283,-5
1,2088,0,-1961,446086,0.6526,0,19,-1517,-2453,231601,1,178616,-2401,7,0,30902,0,87,-238,0,1,-1510,20132,-214,0.0591,1772278,9474,1,1,-1935,-1024,1,15721,-2121,40,0.7157,1804596,125089,-143,0,1,0,1236757,-2490,0.1883,0,194476,218774,-1046,1,1.5814,0.3364,-5388,48,1,1,106546,-1523,-5124,-335,40228,0,2656406,0.2106,0,0.4937,1,20257,0,0,0,1.4333,1494067,1,0.1769,40,4.7635,1,36533,0,1,-2576,1,1,1,953768,2,4339,1,1,0,19,0,423677,141283,0.4647,0.2018,38,1,24,-1162,3,13,21,-408,0.0372,380,1794400,1139187,0.0784,420,-2343,143588,0,13,2665820,1,0,-1381,1,335240,8854,1,1,-2770,18,0,0,-18168,212005,1,43,0.72,0.1074,0,1.1664,46012,2289199,-374,0,0,0.5158,-2497,1370178,0.9589,-1813,1,1,1,0.1831,266877,1,137391,0,0.8772,0.3674,-1891,0.2585,-24160,1,14,0.4734,1,11,-102,0,0,464843,41234,16,4755,0.7499,0.7198,0
1,246246,0,-712,403002,0.2687,1,7,-1704,-1985,175409,0,250507,-2652,13,0,59912,1,94,-2650,1,1,-2902,425651,-1575,0.8984,1538554,278106,1,1,-2901,-2310,1,16151,-757,25,0.4881,1502733,844743,-2550,1,1,1,2992621,-22,0.4376,1,60092,217248,-2562,0,0.8873,0.0768,-833,3,1,0,193022,-1742,-9216,-929,81021,1,2861155,0.6099,1,0.4222,1,9757,1,1,0,2.8579,1100838,0,0.1287,31,3.3253,0,12151,1,0,-2873,8,1,1,119974,14,12376,1,0,1,1,1,436617,28644,0.6568,0.2247,35,1,68,-952,1,9,21,-531,0.021,333,2858861,1711337,0.1089,284,-2109,320322,1,9,2628745,0,1,-2683,0,11763,13855,1,1,-2997,3,0,0,-24852,279777,0,4,4.4681,0.7121,0,0.7986,2507,2330477,-325,0,0,0.8281,-1945,1145010,0.3712,-2943,0,0,0,0.9438,118060,1,37014,1,0.863,0.8496,-336,0.1632,-25231,0,22,0.3019,0,2,-86,1,0,764541,74128,0,978,0.3768,0.8759,-25
1,235564,0,-1107,395305,0.1128,1,26,-23,-2329,201397,0,101049,-431,2,0,32892,1,71,-1092,1,0,-1669,27102,-1920,0.1427,1868773,27378,0,1,-2485,-1878,0,16245,-2929,67,0.8682,636839,66393,-2842,0,1,0,2156951,-2244,0.4393,0,271209,166167,-226,0,1.493,0.9827,-5508,4,1,1,107458,-1349,-18322,-1004,91898,0,2337827,0.603,0,0.4024,0,311247,0,0,0,1.5061,951881,0,0.2069,32,4.0777,0,49998,0,0,-3103,9,0,0,710628,16,8330,1,1,0,14,1,471852,21436,0.6703,0.1818,46,0,85,-311,9,12,17,-482,0.0364,354,2317541,1178391,0.9333,195,-1144,56157,1,0,1224075,0,0,-1144,0,135588,8330,0,1,-1712,4,0,0,-12074,434314,0,18,3.1372,0.9321,0,3.7763,26859,1342118,-531,0,1,0.5926,-1617,1173590,0.1146,-931,1,0,0,0.1469,18370,1,241644,0,0.4166,0.4405,-2050,0.6512,-25403,1,22,0.3154,0,16,-102,0,0,140701,39213,5,6512,0.4373,0.3208,-4
1,107393,0,-226,407604,0.1022,0,16,-1053,-1967,364640,1,150837,-1103,4,1,58700,1,5,-2556,0,0,-957,418997,-151,0.3555,2734452,437139,1,1,-2899,-1765,1,16647,-595,41,0.7631,1880066,78866,-320,1,0,0,2546596,-2111,0.0043,1,137738,186966,-955,0,2.7015,0.0254,-1950,24,0,0,194742,-2497,-10431,-474,94506,1,2086039,0.7853,1,0.5394,1,204670,1,0,0,3.543,899898,0,0.8567,34,0.5801,1,12867,1,0,-1709,2,1,1,576842,17,11785,1,0,1,11,1,434638,197113,0.6247,0.0673,37,1,24,-500,5,9,37,-2105,0.026,17,2696399,2399060,0.8011,19,-2962,86745,0,2,2838848,1,0,-683,1,234013,6975,1,1,-857,13,1,0,-23438,324628,0,27,2.1912,0.8719,0,4.839,37327,2843654,-785,0,0,0.8128,-454,1976745,0.3949,-1359,1,0,1,0.8575,19931,0,260294,0,0.6055,0.0098,-149,0.7418,-22976,0,15,0.9503,0,16,-32,0,1,67805,49910,1,3975,0.4227,0.5394,-3
1,44497,1,-167,390432,0.1535,1,15,-1006,-2359,570218,0,87662,-1131,2,0,94532,0,99,-1663,1,0,-51,87641,-2118,0.3834,2717072,136322,1,1,-2685,-253,1,16650,-372,82,0.0117,1202979,439965,-2307,0,0,0,2262388,-722,0.7277,1,59519,156510,-519,0,2.6554,0.1487,-7935,50,0,0,118319,-482,-14833,-1660,58760,1,1056771,0.9645,1,0.5201,1,576896,1,1,0,2.5005,908824,1,0.4188,41,4.7423,0,37773,1,0,-3424,7,0,1,1423716,4,2307,0,0,1,17,0,448595,153623,0.5398,0.0687,47,1,93,-1429,8,12,0,-50,0.0403,418,2371520,1890501,0.3592,307,-2369,397927,0,7,2830954,0,1,-1584,1,224232,2151,0,0,-2452,14,0,1,-17324,555458,0,20,4.6359,0.6748,1,0.3511,29942,1699865,-2563,0,0,0.6653,-318,1598879,0.3821,-36,1,1,1,0.7492,210411,0,89409,1,0.1893,0.2228,-304,0.1815,-2895,1,1,0.4272,0,20,-108,1,0,218188,119506,19,4303,0.152,0.3569,-42
0,225514,1,-2862,398279,0.9695,1,19,-612,-1429,420480,1,188903,-1207,16,1,57663,0,17,-2795,0,0,-2395,305195,-228,0.3129,2109130,50415,1,0,-1499,-2658,0,15329,-1845,61,0.6947,1922092,91495,-202,1,1,1,1320122,-2563,0.5876,0,227889,208923,-1228,0,2.5733,0.2176,-4296,32,0,0,82743,-1997,-13658,-1212,54783,1,2152310,0.5426,1,0.2912,1,543271,1,0,1,3.2428,1245294,1,0.2883,39,0.8357,1,41734,0,1,-4388,8,0,1,410868,18,19110,0,0,1,1,0,434532,142871,0.6666,0.1322,30,0,77,-1140,1,11,34,-1266,0.0287,403,1491751,2352450,0.7855,308,-1484,184412,0,14,1993900,0,1,-193,1,50804,3649,0,0,-1618,14,1,0,-15005,213049,0,0,2.0706,0.7122,0,2.4453,2999,1616166,-2313,1,0,0.6467,-1325,758218,0.4671,-1674,1,1,0,0.7364,143010,0,240318,1,0.297,0.147,-1761,0.7078,-28663,1,8,0.8989,0,11,-39,1,1,265573,147047,7,4554,0.6194,0.0198,-25
0,282877,0,-2900,415298,0.8722,1,27,-1602,-272,150320,1,212785,-1610,15,0,55787,1,49,-70,0,1,-2365,169046,-1275,0.8295,1980376,53663,1,0,-2197,-1783,0,15141,-2415,1,0.8498,499768,954616,-1663,1,0,0,2121328,-498,0.1658,0,273692,217908,-491,1,0.4142,0.1752,-3239,50,0,1,106926,-2009,-6508,-1075,50476,0,1325900,0.6957,0,0.372,1,486581,0,1,0,2.36,663907,1,0.946,54,2.4124,0,16254,0,1,-3799,3,0,0,76603,16,7041,1,1,0,13,0,443365,196499,0.508,0.1613,2,0,68,-2930,6,14,61,-565,0.0494,30,2722199,1136086,0.4067,441,-2112,489506,1,2,1778537,1,0,-889,0,303639,3549,0,0,-1174,11,0,0,-15822,561815,1,26,3.7819,0.5274,1,3.5799,25548,1005459,-1748,0,1,0.633,-1539,1461915,0.7353,-503,0,1,1,0.1269,67058,1,206446,1,0.3182,0.3813,-251,0.8701,-5593,1,10,0.1137,1,6,-104,1,1,1368174,35869,18,5803,0.2619,0.5524,-6
1,269433,0,-2020,410985,0.6963,0,21,-1251,-2736,232064,0,262160,-657,1,1,97115,0,82,-2229,1,0,-2612,34319,-1169,0.8778,2227167,63952,1,1,-2533,-1255,0,15411,-2541,4,0.3105,758708,199116,-955,0,0,0,1561913,-1886,0.3344,1,284837,158109,-1083,0,1.6203,0.3327,-5424,38,0,1,155129,-2499,-4410,-2884,86169,1,1843888,0.547,0,0.4687,0,198751,1,0,1,3.006,1853928,0,0.1735,47,1.3244,1,21352,0,0,-4748,0,1,1,1550590,11,16457,1,1,1,6,0,421028,157812,0.5556,0.144,19,0,17,-167,4,9,82,-412,0.0409,463,2573479,1235819,0.7814,189,-2477,356815,0,0,1318414,1,1,-2779,1,52872,11673,0,0,-238,12,1,0,-24475,250522,0,47,0.6331,0.3172,0,3.8028,40067,2638256,-2549,1,0,0.5563,-2183,91392,0.1036,-2040,0,0,1,0.5841,125162,1,38034,0,0.6524,0.4475,-2024,0.5723,-15587,0,12,0.8505,0,8,-14,1,0,1920731,57186,0,3007,0.3908,0.4373,-6
0,281932,0,-2586,438934,0.6655,0,15,-2184,-2325,313083,0,67471,-2332,16,1,63912,0,64,-1367,1,1,-1602,493532,-400,0.3739,2917985,404454,1,0,-906,-2885,1,16542,-2839,61,0.9834,974947,329188,-325,1,1,1,2386044,-777,0.6027,1,81338,223215,-1300,1,2.3954,0.0507,-73,58,1,1,41160,-274,-20121,-440,60805,1,2411871,0.8392,0,0.4209,0,315825,0,1,1,2.5559,1202029,1,0.8124,37,3.3574,0,941,0,1,-1631,8,1,1,1787363,7,19164,0,0,0,0,1,473990,120792,0.4102,0.1511,44,0,2,-1545,1,11,4,-1628,0.0404,149,2964691,2696324,0.397,55,-848,211892,0,2,1479788,1,0,-1714,1,211765,2907,1,0,-2846,4,1,0,-24562,332102,0,38,0.5333,0.9984,1,4.1509,30121,1604357,-2080,1,1,0.7055,-315,1093825,0.4857,-103,0,1,1,0.0718,298768,0,240357,0,0.0355,0.2564,-2765,0.3611,-25428,0,10,0.6665,0,18,-21,0,0,1363765,167536,16,4939,0.2317,0.0867,-10
0,43318,0,-1098,382926,0.7199,1,3,-83,-99,633765,1,248788,-2552,15,1,8989,0,66,-496,0,1,-2981,488034,-796,0.5749,2133940,158713,0,0,-162,-2241,1,15776,-2788,64,0.5896,279472,527836,-1520,0,1,1,1825640,-1695,0.3754,1,152689,231785,-2934,0,1.355,0.249,-21,36,0,0,170913,-2190,-23613,-2952,94343,0,1203569,0.334,1,0.5137,1,574361,0,1,0,1.1653,1555866,1,0.6355,52,3.208,1,12099,1,1,-1630,8,0,1,1086527,11,5581,1,0,1,18,1,458248,120658,0.6081,0.1653,15,1,37,-2332,4,9,59,-250,0.0465,13,2509452,2748398,0.1887,226,-2855,508466,0,5,1486832,0,1,-2165,0,298139,2248,1,1,-1589,2,1,1,-19022,205558,1,6,2.8315,0.5508,0,3.5667,34258,2046585,-1205,0,0,0.6926,-547,576470,0.1539,-2991,1,1,1,0.514,119580,0,206312,1,0.6402,0.5626,-2891,0.9487,-11448,1,0,0.7185,1,0,-40,1,0,198551,126580,1,9950,0.9278,0.6969,-48
1,129732,1,-2740,391785,0.0019,1,12,-2796,-2394,648785,1,247745,-1794,15,0,23531,0,73,-1401,1,0,-1087,110022,-1196,0.3814,1674576,397138,0,0,-2959,-1926,1,15034,-1512,67,0.9689,573920,890145,-387,0,0,0,2444001,-1462,0.4562,1,147669,233674,-807,1,2.5233,0.8191,-6527,21,1,1,13671,-2583,-3512,-1702,13486,0,1205239,0.1487,0,0.3248,0,128442,1,1,0,2.3846,894846,0,0.9279,29,2.3921,1,16625,0,0,-981,0,1,1,1643173,18,7590,1,1,0,4,1,456865,102618,0.5387,0.1831,44,0,31,-2194,4,11,1,-915,0.0359,495,2948381,1610331,0.4001,399,-1949,102141,0,7,2170845,0,0,-1495,1,209584,10135,1,1,-1011,1,1,1,-11161,19338,0,24,3.9109,0.9271,1,0.9462,15675,2508760,-657,0,0,0.6851,-1537,1759749,0.9019,-1882,1,1,0,0.3172,248613,1,294426,1,0.5056,0.4858,-2708,0.9981,-23783,0,15,0.9616,1,12,-38,0,1,1420854,4610,4,7487,0.1078,0.9815,-49
1,276036,1,-2336,417085,0.1294,0,4,-2290,-2296,520116,0,176082,-2421,17,0,99810,1,29,-388,1,0,-1857,258598,-838,0.0118,1978569,372857,1,1,-78,-140,0,16862,-1772,48,0.7235,183148,916796,-2311,0,1,1,2686905,-320,0.3202,0,168186,218536,-2408,0,2.7726,0.5434,-5937,43,0,0,37404,-2257,-20708,-446,48539,1,1314823,0.2124,1,0.4892,1,44002,0,1,0,2.4328,649271,0,0.9737,59,4.5324,1,45111,0,0,-3712,9,0,0,842102,6,13766,0,0,0,3,0,439601,165005,0.5424,0.182,21,0,18,-50,6,10,73,-1165,0.0322,306,2624442,2272599,0.3749,270,-1903,456500,0,18,1562712,0,1,-656,1,325910,19128,0,1,-2661,18,0,0,-22179,518731,1,22,3.0202,0.0091,1,2.7409,22089,2661208,-2851,1,0,0.6953,-1961,73489,0.9036,-268,0,1,1,0.5398,73432,0,248799,1,0.3033,0.8414,-2501,0.8119,-13784,0,16,0.2222,1,21,-55,1,1,1437604,4487,9,8381,0.9727,0.6543,-54
1,173523,1,-1484,392127,0.4193,1,3,-2256,-2862,666348,1,59037,-890,10,1,2283,0,87,-2766,0,0,-1696,18360,-2571,0.7815,1589059,46857,0,0,-1529,-2780,0,15921,-801,0,0.9862,603125,668456,-2915,0,1,0,1749393,-271,0.158,1,285698,202914,-1773,1,2.3324,0.8106,-7993,49,1,0,65341,-1611,-12401,-780,69057,0,2106352,0.6851,1,0.8209,1,200790,1,0,0,1.6128,737324,0,0.5679,34,1.3294,1,40722,0,1,-366,1,0,1,216007,1,16903,1,1,0,6,1,477767,97870,0.4484,0.0826,13,0,96,-2438,6,17,84,-2459,0.0289,66,1995266,1455631,0.0959,73,-898,216599,0,13,1620424,0,1,-2642,0,137248,9965,0,0,-1367,5,1,1,-24817,563547,1,49,4.6113,0.5125,0,4.3464,709,2564910,-46,0,1,0.5848,-942,515148,0.6564,-296,0,1,0,0.7554,91487,0,130395,1,0.3929,0.0373,-997,0.4784,-5296,0,16,0.9302,1,21,-86,0,1,448806,98443,4,9036,0.8059,0.3322,-32
1,177128,0,-956,382878,0.0952,0,3,-2804,-1290,123021,0,27036,-1318,15,1,1254,1,58,-1718,0,1,-259,104063,-2798,0.2258,2097670,304430,1,1,-1079,-2300,1,16258,-840,24,0.3326,896766,878901,-1276,1,1,0,2401811,-2078,0.1432,1,37858,235045,-2234,0,0.0942,0.1796,-6257,38,1,0,84924,-1997,-14961,-752,63760,0,1523290,0.6061,1,0.6023,0,365172,1,1,0,3.2085,146348,0,0.9757,46,2.4578,1,14446,1,0,-379,3,0,0,351681,4,4669,0,1,0,5,1,441173,147226,0.4156,0.0514,15,1,26,-1080,5,9,22,-1126,0.0243,499,2075930,1544733,0.7994,307,-1126,282527,0,14,2007457,1,0,-1199,0,290983,4561,0,0,-2634,10,1,1,-10799,26061,0,13,3.0997,0.6141,0,1.5587,42407,1563382,-2628,1,1,0.5758,-1663,1252603,0.1891,-2423,0,1,1,0.7411,97052,0,129475,1,0.8246,0.3358,-2681,0.4747,-10200,1,12,0.5469,1,14,-59,1,1,1897001,40338,1,4919,0.287,0.9121,-13
1,296062,1,-148,391457,0.2046,0,23,-2022,-1752,618834,1,117031,-1127,0,1,21312,0,2,-775,1,1,-1219,256747,-2279,0.3485,2608927,127756,0,0,-1867,-572,0,15662,-2367,57,0.1157,1489886,142628,-1591,0,1,1,2458348,-2146,0.5771,0,25439,228257,-2670,1,1.762,0.0431,-6560,57,1,1,125056,-1452,-18475,-616,77792,0,1136169,0.5757,1,0.8992,1,484234,0,0,1,1.5828,797472,1,0.3595,25,0.7904,1,36918,1,1,-960,2,1,0,909848,6,18501,0,1,1,0,1,453008,176857,0.6504,0.1824,33,0,95,-1809,7,9,11,-773,0.0332,403,2554255,2957719,0.1231,185,-764,453050,0,7,2678946,1,1,-1963,1,264719,3977,1,1,-2746,8,0,0,-23459,409051,1,45,4.2489,0.956,0,2.3338,15966,1156080,-2573,0,1,0.7437,-1665,701727,0.5284,-348,1,0,1,0.8745,280663,1,89838,1,0.4365,0.893,-1424,0.579,-11740,1,12,0.3864,1,18,-10,1,0,74975,37606,15,5183,0.413,0.895,-8
1,52203,1,-2753,438944,0.7193,0,25,-2157,-2327,315436,1,55206,-377,10,0,69215,1,37,-2838,0,0,-1604,126573,-2062,0.1071,2322405,284466,1,1,-1694,-2339,1,15805,-507,61,0.7467,693814,742453,-255,1,1,1,2167381,-60,0.568,0,282195,239402,-472,0,1.0311,0.7912,-6174,9,1,1,54018,-2252,-371,-1332,45157,1,1160778,0.3475,0,0.2386,1,313885,0,1,1,4.4319,487275,1,0.9963,49,0.1133,1,8108,0,0,-1901,3,0,1,275514,17,8164,0,1,1,12,1,457581,88774,0.629,0.1985,39,1,72,-1545,3,11,46,-2502,0.029,230,2842235,2360917,0.1037,267,-1921,172537,0,16,1998712,1,1,-720,0,392050,1453,1,0,-337,14,0,0,-23642,222151,1,41,0.7368,0.5929,0,0.2062,11477,1086259,-66,0,0,0.5759,-34,932225,0.9483,-2100,0,0,0,0.355,281033,0,30823,0,0.8293,0.8603,-2040,0.7575,-26805,0,13,0.363,0,4,-77,0,1,1682843,194893,13,2781,0.8351,0.3912,-59
0,83641,0,-244,434432,0.2548,1,21,-2337,-793,330162,1,104934,-123,8,0,96280,0,50,-2446,1,0,-158,317628,-836,0.7217,1457467,334604,0,0,-1223,-1898,0,16206,-512,87,0.5617,844359,1353,-817,1,1,0,1049024,-2949,0.7286,1,159066,228257,-1311,0,1.7468,0.4883,-1421,28,0,0,158915,-1404,-23941,-1278,1193,0,2278409,0.1893,1,0.3211,0,172715,0,1,0,2.8794,237494,0,0.9874,57,1.2408,1,14240,0,1,-4568,0,1,1,1117174,0,9382,0,0,1,4,0,456400,51978,0.6153,0.1502,36,0,57,-1665,0,16,60,-1035,0.0379,439,1196015,2039886,0.0611,357,-2187,560254,1,11,2023520,1,1,-658,0,369133,18483,1,0,-2424,19,1,1,-21194,535292,0,10,3.5056,0.2736,0,4.4475,23161,2079423,-2665,1,0,0.7489,-2597,506705,0.0225,-749,0,0,1,0.4519,171283,0,276728,1,0.0221,0.4205,-494,0.1739,-7188,1,4,0.9503,1,2,-109,1,0,1959781,90999,17,6352,0.3564,0.7535,-30
1,138605,1,-2197,435428,0.1585,1,4,-83,-1943,328421,0,81382,-956,2,1,4073,0,89,-748,1,1,-1407,195565,-158,0.6885,2733811,394519,0,1,-1010,-2757,1,15723,-1541,4,0.9321,669180,430351,-277,0,1,0,1367481,-1774,0.7155,1,182404,212013,-1245,0,0.1255,0.9956,-4696,29,1,1,36128,-2358,-4699,-1494,86802,0,1574161,0.3991,1,0.8815,1,561944,0,1,1,1.0479,142397,0,0.7404,58,2.7768,0,7713,0,0,-2227,2,1,1,716203,0,3490,0,0,0,10,1,428176,76435,0.6878,0.0947,43,0,35,-2527,6,17,7,-1815,0.0314,403,1650180,1833669,0.9587,468,-1775,227471,1,6,1537182,0,0,-407,1,297251,11470,1,0,-2938,11,1,1,-13559,103283,0,46,2.503,0.7232,0,1.5762,30165,1183818,-777,0,1,0.6798,-1326,574667,0.4562,-2315,1,1,0,0.4155,126320,1,236995,0,0.1222,0.5212,-2209,0.5247,-23784,0,18,0.3304,0,15,-99,1,0,1839060,147271,13,217,0.0096,0.7981,-35
1,287274,0,-1539,380585,0.3817,1,4,-1134,-961,302063,0,156325,-2366,12,1,38100,1,30,-941,0,0,-990,455627,-1022,0.1638,1248739,160882,0,1,-623,-2119,0,15861,-992,29,0.0346,1348818,871914,-1553,0,0,0,1007594,-1903,0.2364,1,94565,175105,-2167,0,2.1914,0.1915,-5168,0,1,1,145482,-2195,-13207,-2869,91342,0,1698531,0.8355,0,0.4886,0,533541,1,0,0,4.6692,907299,1,0.4425,25,2.1924,0,13817,1,0,-954,3,1,0,736019,4,19228,0,1,0,17,0,449809,140991,0.6153,0.1122,34,0,0,-2019,4,13,93,-2114,0.0435,126,1039958,2861045,0.2928,360,-1523,265942,1,3,1775023,1,1,-794,1,347085,4402,1,1,-202,8,1,0,-10252,131196,0,29,1.8125,0.855,0,3.0774,45613,1075271,-2011,1,0,0.7856,-2424,648438,0.7075,-2776,1,0,0,0.2708,11261,0,271301,0,0.5393,0.852,-697,0.5055,-20711,1,13,0.2361,0,1,-80,1,0,58380,125676,9,2522,0.09,0.6846,-59
